Method,Job,AnalyzeLaunchVariance,EvaluateOverhead,MaxAbsoluteError,MaxRelativeError,MinInvokeCount,MinIterationTime,OutlierMode,Affinity,EnvironmentVariables,Jit,LargeAddressAware,Platform,PowerPlanMode,Runtime,AllowVeryLargeObjects,Concurrent,CpuGroups,Force,HeapAffinitizeMask,HeapCount,NoAffinitize,RetainVm,Server,Arguments,BuildConfiguration,Clock,EngineFactory,NuGetReferences,Toolchain,IsMutator,InvocationCount,IterationCount,IterationTime,LaunchCount,MaxIterationCount,MaxWarmupIterationCount,MemoryRandomization,MinIterationCount,MinWarmupIterationCount,RunStrategy,UnrollFactor,WarmupCount,Group,Count,Mean,Error,StdDev,Ratio,RatioSD,Gen0,Gen1,Allocated,Alloc Ratio
BuilderFull,ShortRun,False,Default,Default,Default,Default,100ms,Default,11111111111111111111111111111111,Empty,RyuJit,Default,X64,8c5e7fda-e8bf-4a96-9a85-a6e23a8c635c,.NET 10.0,False,True,False,True,Default,Default,False,False,False,Default,Default,Default,Default,Default,InProcessEmitToolchain,Default,Default,15,Default,1,Default,Default,Default,Default,Default,Default,1,5,Arithmetic,10000,166.54 μs,8.695 μs,7.707 μs,4.23,0.24,85.9375,39.0625,711.45 KB,3.03
BuilderLatestOnly,ShortRun,False,Default,Default,Default,Default,100ms,Default,11111111111111111111111111111111,Empty,RyuJit,Default,X64,8c5e7fda-e8bf-4a96-9a85-a6e23a8c635c,.NET 10.0,False,True,False,True,Default,Default,False,False,False,Default,Default,Default,Default,Default,InProcessEmitToolchain,Default,Default,15,Default,1,Default,Default,Default,Default,Default,Default,1,5,Arithmetic,10000,133.73 μs,6.889 μs,6.444 μs,3.40,0.20,29.2969,9.7656,241.7 KB,1.03
BuilderReference,ShortRun,False,Default,Default,Default,Default,100ms,Default,11111111111111111111111111111111,Empty,RyuJit,Default,X64,8c5e7fda-e8bf-4a96-9a85-a6e23a8c635c,.NET 10.0,False,True,False,True,Default,Default,False,False,False,Default,Default,Default,Default,Default,InProcessEmitToolchain,Default,Default,15,Default,1,Default,Default,Default,Default,Default,Default,1,5,Arithmetic,10000,932.86 μs,36.760 μs,32.587 μs,23.71,1.16,109.3750,39.0625,945.85 KB,4.03
SeparateFull,ShortRun,False,Default,Default,Default,Default,100ms,Default,11111111111111111111111111111111,Empty,RyuJit,Default,X64,8c5e7fda-e8bf-4a96-9a85-a6e23a8c635c,.NET 10.0,False,True,False,True,Default,Default,False,False,False,Default,Default,Default,Default,Default,InProcessEmitToolchain,Default,Default,15,Default,1,Default,Default,Default,Default,Default,Default,1,5,Arithmetic,10000,193.21 μs,20.117 μs,18.818 μs,4.91,0.49,201.1719,165.0391,1655.22 KB,7.06
NativeSingle,ShortRun,False,Default,Default,Default,Default,100ms,Default,11111111111111111111111111111111,Empty,RyuJit,Default,X64,8c5e7fda-e8bf-4a96-9a85-a6e23a8c635c,.NET 10.0,False,True,False,True,Default,Default,False,False,False,Default,Default,Default,Default,Default,InProcessEmitToolchain,Default,Default,15,Default,1,Default,Default,Default,Default,Default,Default,1,5,Arithmetic,10000,39.39 μs,1.886 μs,1.472 μs,1.00,0.05,28.5645,9.5215,234.59 KB,1.00
NativeParallel,ShortRun,False,Default,Default,Default,Default,100ms,Default,11111111111111111111111111111111,Empty,RyuJit,Default,X64,8c5e7fda-e8bf-4a96-9a85-a6e23a8c635c,.NET 10.0,False,True,False,True,Default,Default,False,False,False,Default,Default,Default,Default,Default,InProcessEmitToolchain,Default,Default,15,Default,1,Default,Default,Default,Default,Default,Default,1,5,Arithmetic,10000,24.75 μs,1.017 μs,0.951 μs,0.63,0.03,28.8086,9.5215,235.4 KB,1.00
BuilderFull,ShortRun,False,Default,Default,Default,Default,100ms,Default,11111111111111111111111111111111,Empty,RyuJit,Default,X64,8c5e7fda-e8bf-4a96-9a85-a6e23a8c635c,.NET 10.0,False,True,False,True,Default,Default,False,False,False,Default,Default,Default,Default,Default,InProcessEmitToolchain,Default,Default,15,Default,1,Default,Default,Default,Default,Default,Default,1,5,Trigonometry,10000,171.38 μs,5.967 μs,5.581 μs,0.86,0.04,85.9375,39.0625,711.28 KB,3.03
BuilderLatestOnly,ShortRun,False,Default,Default,Default,Default,100ms,Default,11111111111111111111111111111111,Empty,RyuJit,Default,X64,8c5e7fda-e8bf-4a96-9a85-a6e23a8c635c,.NET 10.0,False,True,False,True,Default,Default,False,False,False,Default,Default,Default,Default,Default,InProcessEmitToolchain,Default,Default,15,Default,1,Default,Default,Default,Default,Default,Default,1,5,Trigonometry,10000,138.79 μs,6.082 μs,5.689 μs,0.70,0.04,29.2969,9.7656,241.53 KB,1.03
BuilderReference,ShortRun,False,Default,Default,Default,Default,100ms,Default,11111111111111111111111111111111,Empty,RyuJit,Default,X64,8c5e7fda-e8bf-4a96-9a85-a6e23a8c635c,.NET 10.0,False,True,False,True,Default,Default,False,False,False,Default,Default,Default,Default,Default,InProcessEmitToolchain,Default,Default,15,Default,1,Default,Default,Default,Default,Default,Default,1,5,Trigonometry,10000,"1,455.45 μs",11.985 μs,9.357 μs,7.31,0.25,109.3750,46.8750,945.61 KB,4.03
SeparateFull,ShortRun,False,Default,Default,Default,Default,100ms,Default,11111111111111111111111111111111,Empty,RyuJit,Default,X64,8c5e7fda-e8bf-4a96-9a85-a6e23a8c635c,.NET 10.0,False,True,False,True,Default,Default,False,False,False,Default,Default,Default,Default,Default,InProcessEmitToolchain,Default,Default,15,Default,1,Default,Default,Default,Default,Default,Default,1,5,Trigonometry,10000,170.43 μs,3.652 μs,3.237 μs,0.86,0.03,201.1719,165.0391,1654.98 KB,7.05
NativeSingle,ShortRun,False,Default,Default,Default,Default,100ms,Default,11111111111111111111111111111111,Empty,RyuJit,Default,X64,8c5e7fda-e8bf-4a96-9a85-a6e23a8c635c,.NET 10.0,False,True,False,True,Default,Default,False,False,False,Default,Default,Default,Default,Default,InProcessEmitToolchain,Default,Default,15,Default,1,Default,Default,Default,Default,Default,Default,1,5,Trigonometry,10000,199.37 μs,7.501 μs,7.017 μs,1.00,0.05,28.3203,8.7891,234.59 KB,1.00
NativeParallel,ShortRun,False,Default,Default,Default,Default,100ms,Default,11111111111111111111111111111111,Empty,RyuJit,Default,X64,8c5e7fda-e8bf-4a96-9a85-a6e23a8c635c,.NET 10.0,False,True,False,True,Default,Default,False,False,False,Default,Default,Default,Default,Default,InProcessEmitToolchain,Default,Default,15,Default,1,Default,Default,Default,Default,Default,Default,1,5,Trigonometry,10000,64.01 μs,1.522 μs,1.423 μs,0.32,0.01,28.8086,9.2773,235.4 KB,1.00
