Method,Job,AnalyzeLaunchVariance,EvaluateOverhead,MaxAbsoluteError,MaxRelativeError,MinInvokeCount,MinIterationTime,OutlierMode,Affinity,EnvironmentVariables,Jit,LargeAddressAware,Platform,PowerPlanMode,Runtime,AllowVeryLargeObjects,Concurrent,CpuGroups,Force,HeapAffinitizeMask,HeapCount,NoAffinitize,RetainVm,Server,Arguments,BuildConfiguration,Clock,EngineFactory,NuGetReferences,Toolchain,IsMutator,InvocationCount,IterationCount,IterationTime,LaunchCount,MaxIterationCount,MaxWarmupIterationCount,MemoryRandomization,MinIterationCount,MinWarmupIterationCount,RunStrategy,UnrollFactor,WarmupCount,Count,Mean,Error,StdDev,Ratio,RatioSD,Gen0,Gen1,Gen2,Allocated,Alloc Ratio
CpuFull,ShortRun,False,Default,Default,Default,Default,100ms,Default,11111111111111111111111111111111,Empty,RyuJit,Default,X64,8c5e7fda-e8bf-4a96-9a85-a6e23a8c635c,.NET 10.0,False,True,False,True,Default,Default,False,False,False,Default,Default,Default,Default,Default,InProcessEmitToolchain,Default,Default,5,Default,1,Default,Default,Default,Default,Default,Default,1,3,10000,64.835 μs,22.4543 μs,5.8313 μs,1.87,0.17,67.3828,27.3438,0.0000,552 KB,14.11
CpuLatestOnly,ShortRun,False,Default,Default,Default,Default,100ms,Default,11111111111111111111111111111111,Empty,RyuJit,Default,X64,8c5e7fda-e8bf-4a96-9a85-a6e23a8c635c,.NET 10.0,False,True,False,True,Default,Default,False,False,False,Default,Default,Default,Default,Default,InProcessEmitToolchain,Default,Default,5,Default,1,Default,Default,Default,Default,Default,Default,1,3,10000,21.303 μs,2.6274 μs,0.6823 μs,0.61,0.03,9.7656,1.4648,0.0000,82.21 KB,2.10
GpuFull,ShortRun,False,Default,Default,Default,Default,100ms,Default,11111111111111111111111111111111,Empty,RyuJit,Default,X64,8c5e7fda-e8bf-4a96-9a85-a6e23a8c635c,.NET 10.0,False,True,False,True,Default,Default,False,False,False,Default,Default,Default,Default,Default,InProcessEmitToolchain,Default,Default,5,Default,1,Default,Default,Default,Default,Default,Default,1,3,10000,489.280 μs,17.0785 μs,4.4352 μs,14.11,0.62,66.4063,23.4375,0.0000,550.86 KB,14.08
GpuLatestOnly,ShortRun,False,Default,Default,Default,Default,100ms,Default,11111111111111111111111111111111,Empty,RyuJit,Default,X64,8c5e7fda-e8bf-4a96-9a85-a6e23a8c635c,.NET 10.0,False,True,False,True,Default,Default,False,False,False,Default,Default,Default,Default,Default,InProcessEmitToolchain,Default,Default,5,Default,1,Default,Default,Default,Default,Default,Default,1,3,10000,424.708 μs,58.0402 μs,15.0729 μs,12.25,0.66,7.8125,0.0000,0.0000,81.11 KB,2.07
NativeSingle,ShortRun,False,Default,Default,Default,Default,100ms,Default,11111111111111111111111111111111,Empty,RyuJit,Default,X64,8c5e7fda-e8bf-4a96-9a85-a6e23a8c635c,.NET 10.0,False,True,False,True,Default,Default,False,False,False,Default,Default,Default,Default,Default,InProcessEmitToolchain,Default,Default,5,Default,1,Default,Default,Default,Default,Default,Default,1,3,10000,34.731 μs,6.4905 μs,1.6856 μs,1.00,0.06,4.6387,0.4883,0.0000,39.12 KB,1.00
NativeParallel,ShortRun,False,Default,Default,Default,Default,100ms,Default,11111111111111111111111111111111,Empty,RyuJit,Default,X64,8c5e7fda-e8bf-4a96-9a85-a6e23a8c635c,.NET 10.0,False,True,False,True,Default,Default,False,False,False,Default,Default,Default,Default,Default,InProcessEmitToolchain,Default,Default,5,Default,1,Default,Default,Default,Default,Default,Default,1,3,10000,9.665 μs,0.7331 μs,0.1904 μs,0.28,0.01,4.8218,0.5493,0.0000,39.55 KB,1.01
CpuFull,ShortRun,False,Default,Default,Default,Default,100ms,Default,11111111111111111111111111111111,Empty,RyuJit,Default,X64,8c5e7fda-e8bf-4a96-9a85-a6e23a8c635c,.NET 10.0,False,True,False,True,Default,Default,False,False,False,Default,Default,Default,Default,Default,InProcessEmitToolchain,Default,Default,5,Default,1,Default,Default,Default,Default,Default,Default,1,3,100000,"1,303.076 μs",109.6151 μs,28.4667 μs,3.85,0.08,617.1875,539.0625,46.8750,5480.72 KB,14.01
CpuLatestOnly,ShortRun,False,Default,Default,Default,Default,100ms,Default,11111111111111111111111111111111,Empty,RyuJit,Default,X64,8c5e7fda-e8bf-4a96-9a85-a6e23a8c635c,.NET 10.0,False,True,False,True,Default,Default,False,False,False,Default,Default,Default,Default,Default,InProcessEmitToolchain,Default,Default,5,Default,1,Default,Default,Default,Default,Default,Default,1,3,100000,205.996 μs,23.9776 μs,6.2269 μs,0.61,0.02,48.8281,48.8281,48.8281,787.97 KB,2.01
GpuFull,ShortRun,False,Default,Default,Default,Default,100ms,Default,11111111111111111111111111111111,Empty,RyuJit,Default,X64,8c5e7fda-e8bf-4a96-9a85-a6e23a8c635c,.NET 10.0,False,True,False,True,Default,Default,False,False,False,Default,Default,Default,Default,Default,InProcessEmitToolchain,Default,Default,5,Default,1,Default,Default,Default,Default,Default,Default,1,3,100000,"2,470.487 μs",622.0478 μs,161.5438 μs,7.30,0.44,593.7500,453.1250,31.2500,5477.1 KB,14.00
GpuLatestOnly,ShortRun,False,Default,Default,Default,Default,100ms,Default,11111111111111111111111111111111,Empty,RyuJit,Default,X64,8c5e7fda-e8bf-4a96-9a85-a6e23a8c635c,.NET 10.0,False,True,False,True,Default,Default,False,False,False,Default,Default,Default,Default,Default,InProcessEmitToolchain,Default,Default,5,Default,1,Default,Default,Default,Default,Default,Default,1,3,100000,"1,418.920 μs",68.4627 μs,17.7795 μs,4.19,0.06,31.2500,31.2500,31.2500,784.78 KB,2.01
NativeSingle,ShortRun,False,Default,Default,Default,Default,100ms,Default,11111111111111111111111111111111,Empty,RyuJit,Default,X64,8c5e7fda-e8bf-4a96-9a85-a6e23a8c635c,.NET 10.0,False,True,False,True,Default,Default,False,False,False,Default,Default,Default,Default,Default,InProcessEmitToolchain,Default,Default,5,Default,1,Default,Default,Default,Default,Default,Default,1,3,100000,338.594 μs,16.5125 μs,2.5553 μs,1.00,0.01,31.2500,31.2500,31.2500,391.2 KB,1.00
NativeParallel,ShortRun,False,Default,Default,Default,Default,100ms,Default,11111111111111111111111111111111,Empty,RyuJit,Default,X64,8c5e7fda-e8bf-4a96-9a85-a6e23a8c635c,.NET 10.0,False,True,False,True,Default,Default,False,False,False,Default,Default,Default,Default,Default,InProcessEmitToolchain,Default,Default,5,Default,1,Default,Default,Default,Default,Default,Default,1,3,100000,85.818 μs,3.5435 μs,0.9202 μs,0.25,0.00,27.8320,27.8320,27.8320,392.91 KB,1.00
