Method,Job,AnalyzeLaunchVariance,EvaluateOverhead,MaxAbsoluteError,MaxRelativeError,MinInvokeCount,MinIterationTime,OutlierMode,Affinity,EnvironmentVariables,Jit,LargeAddressAware,Platform,PowerPlanMode,Runtime,AllowVeryLargeObjects,Concurrent,CpuGroups,Force,HeapAffinitizeMask,HeapCount,NoAffinitize,RetainVm,Server,Arguments,BuildConfiguration,Clock,EngineFactory,NuGetReferences,Toolchain,IsMutator,InvocationCount,IterationCount,IterationTime,LaunchCount,MaxIterationCount,MaxWarmupIterationCount,MemoryRandomization,MinIterationCount,MinWarmupIterationCount,RunStrategy,UnrollFactor,WarmupCount,Count,Workers,Case,Mean,Error,StdDev,Ratio,RatioSD,Gen0,Gen1,Gen2,Allocated,Alloc Ratio
BuilderFull,ShortRun,False,Default,Default,Default,Default,100ms,Default,11111111111111111111111111111111,Empty,RyuJit,Default,X64,8c5e7fda-e8bf-4a96-9a85-a6e23a8c635c,.NET 10.0,False,True,False,True,Default,Default,False,False,False,Default,Default,Default,Default,Default,InProcessEmitToolchain,Default,Default,5,Default,1,Default,Default,Default,Default,Default,Default,1,3,100000,4,SmaDecimal,820.3 μs,256.37 μs,66.58 μs,2.91,0.22,85.9375,85.9375,85.9375,5472.73 KB,6.99
BuilderLatestOnly,ShortRun,False,Default,Default,Default,Default,100ms,Default,11111111111111111111111111111111,Empty,RyuJit,Default,X64,8c5e7fda-e8bf-4a96-9a85-a6e23a8c635c,.NET 10.0,False,True,False,True,Default,Default,False,False,False,Default,Default,Default,Default,Default,InProcessEmitToolchain,Default,Default,5,Default,1,Default,Default,Default,Default,Default,Default,1,3,100000,4,SmaDecimal,284.3 μs,4.95 μs,1.29 μs,1.01,0.02,74.2188,74.2188,74.2188,785.42 KB,1.00
NativeSingle,ShortRun,False,Default,Default,Default,Default,100ms,Default,11111111111111111111111111111111,Empty,RyuJit,Default,X64,8c5e7fda-e8bf-4a96-9a85-a6e23a8c635c,.NET 10.0,False,True,False,True,Default,Default,False,False,False,Default,Default,Default,Default,Default,InProcessEmitToolchain,Default,Default,5,Default,1,Default,Default,Default,Default,Default,Default,1,3,100000,4,SmaDecimal,282.4 μs,20.02 μs,5.20 μs,1.00,0.02,83.9844,83.9844,83.9844,782.61 KB,1.00
NativeParallel,ShortRun,False,Default,Default,Default,Default,100ms,Default,11111111111111111111111111111111,Empty,RyuJit,Default,X64,8c5e7fda-e8bf-4a96-9a85-a6e23a8c635c,.NET 10.0,False,True,False,True,Default,Default,False,False,False,Default,Default,Default,Default,Default,InProcessEmitToolchain,Default,Default,5,Default,1,Default,Default,Default,Default,Default,Default,1,3,100000,4,SmaDecimal,183.5 μs,12.20 μs,3.17 μs,0.65,0.02,69.3359,69.3359,69.3359,784.1 KB,1.00
BuilderFull,ShortRun,False,Default,Default,Default,Default,100ms,Default,11111111111111111111111111111111,Empty,RyuJit,Default,X64,8c5e7fda-e8bf-4a96-9a85-a6e23a8c635c,.NET 10.0,False,True,False,True,Default,Default,False,False,False,Default,Default,Default,Default,Default,InProcessEmitToolchain,Default,Default,5,Default,1,Default,Default,Default,Default,Default,Default,1,3,100000,4,SmaGrid,736.7 μs,42.03 μs,10.92 μs,2.76,0.05,109.3750,109.3750,109.3750,5473 KB,6.99
BuilderLatestOnly,ShortRun,False,Default,Default,Default,Default,100ms,Default,11111111111111111111111111111111,Empty,RyuJit,Default,X64,8c5e7fda-e8bf-4a96-9a85-a6e23a8c635c,.NET 10.0,False,True,False,True,Default,Default,False,False,False,Default,Default,Default,Default,Default,InProcessEmitToolchain,Default,Default,5,Default,1,Default,Default,Default,Default,Default,Default,1,3,100000,4,SmaGrid,305.3 μs,50.90 μs,13.22 μs,1.15,0.05,72.2656,72.2656,72.2656,785.42 KB,1.00
NativeSingle,ShortRun,False,Default,Default,Default,Default,100ms,Default,11111111111111111111111111111111,Empty,RyuJit,Default,X64,8c5e7fda-e8bf-4a96-9a85-a6e23a8c635c,.NET 10.0,False,True,False,True,Default,Default,False,False,False,Default,Default,Default,Default,Default,InProcessEmitToolchain,Default,Default,5,Default,1,Default,Default,Default,Default,Default,Default,1,3,100000,4,SmaGrid,266.5 μs,14.20 μs,3.69 μs,1.00,0.02,82.0313,82.0313,82.0313,782.58 KB,1.00
NativeParallel,ShortRun,False,Default,Default,Default,Default,100ms,Default,11111111111111111111111111111111,Empty,RyuJit,Default,X64,8c5e7fda-e8bf-4a96-9a85-a6e23a8c635c,.NET 10.0,False,True,False,True,Default,Default,False,False,False,Default,Default,Default,Default,Default,InProcessEmitToolchain,Default,Default,5,Default,1,Default,Default,Default,Default,Default,Default,1,3,100000,4,SmaGrid,177.2 μs,2.10 μs,0.55 μs,0.66,0.01,68.3594,68.3594,68.3594,784.06 KB,1.00
BuilderFull,ShortRun,False,Default,Default,Default,Default,100ms,Default,11111111111111111111111111111111,Empty,RyuJit,Default,X64,8c5e7fda-e8bf-4a96-9a85-a6e23a8c635c,.NET 10.0,False,True,False,True,Default,Default,False,False,False,Default,Default,Default,Default,Default,InProcessEmitToolchain,Default,Default,5,Default,1,Default,Default,Default,Default,Default,Default,1,3,100000,8,SmaDecimal,711.5 μs,74.61 μs,11.55 μs,2.73,0.06,109.3750,109.3750,109.3750,5473.16 KB,6.99
BuilderLatestOnly,ShortRun,False,Default,Default,Default,Default,100ms,Default,11111111111111111111111111111111,Empty,RyuJit,Default,X64,8c5e7fda-e8bf-4a96-9a85-a6e23a8c635c,.NET 10.0,False,True,False,True,Default,Default,False,False,False,Default,Default,Default,Default,Default,InProcessEmitToolchain,Default,Default,5,Default,1,Default,Default,Default,Default,Default,Default,1,3,100000,8,SmaDecimal,214.7 μs,15.51 μs,4.03 μs,0.83,0.02,66.4063,66.4063,66.4063,785.61 KB,1.00
NativeSingle,ShortRun,False,Default,Default,Default,Default,100ms,Default,11111111111111111111111111111111,Empty,RyuJit,Default,X64,8c5e7fda-e8bf-4a96-9a85-a6e23a8c635c,.NET 10.0,False,True,False,True,Default,Default,False,False,False,Default,Default,Default,Default,Default,InProcessEmitToolchain,Default,Default,5,Default,1,Default,Default,Default,Default,Default,Default,1,3,100000,8,SmaDecimal,260.3 μs,31.99 μs,4.95 μs,1.00,0.02,80.0781,80.0781,80.0781,782.56 KB,1.00
NativeParallel,ShortRun,False,Default,Default,Default,Default,100ms,Default,11111111111111111111111111111111,Empty,RyuJit,Default,X64,8c5e7fda-e8bf-4a96-9a85-a6e23a8c635c,.NET 10.0,False,True,False,True,Default,Default,False,False,False,Default,Default,Default,Default,Default,InProcessEmitToolchain,Default,Default,5,Default,1,Default,Default,Default,Default,Default,Default,1,3,100000,8,SmaDecimal,135.0 μs,5.28 μs,1.37 μs,0.52,0.01,61.5234,60.5469,60.5469,785.79 KB,1.00
BuilderFull,ShortRun,False,Default,Default,Default,Default,100ms,Default,11111111111111111111111111111111,Empty,RyuJit,Default,X64,8c5e7fda-e8bf-4a96-9a85-a6e23a8c635c,.NET 10.0,False,True,False,True,Default,Default,False,False,False,Default,Default,Default,Default,Default,InProcessEmitToolchain,Default,Default,5,Default,1,Default,Default,Default,Default,Default,Default,1,3,100000,8,SmaGrid,760.0 μs,136.10 μs,35.34 μs,2.72,0.12,109.3750,109.3750,109.3750,5473.06 KB,6.99
BuilderLatestOnly,ShortRun,False,Default,Default,Default,Default,100ms,Default,11111111111111111111111111111111,Empty,RyuJit,Default,X64,8c5e7fda-e8bf-4a96-9a85-a6e23a8c635c,.NET 10.0,False,True,False,True,Default,Default,False,False,False,Default,Default,Default,Default,Default,InProcessEmitToolchain,Default,Default,5,Default,1,Default,Default,Default,Default,Default,Default,1,3,100000,8,SmaGrid,167.0 μs,4.13 μs,0.64 μs,0.60,0.01,60.5469,60.5469,60.5469,785.5 KB,1.00
NativeSingle,ShortRun,False,Default,Default,Default,Default,100ms,Default,11111111111111111111111111111111,Empty,RyuJit,Default,X64,8c5e7fda-e8bf-4a96-9a85-a6e23a8c635c,.NET 10.0,False,True,False,True,Default,Default,False,False,False,Default,Default,Default,Default,Default,InProcessEmitToolchain,Default,Default,5,Default,1,Default,Default,Default,Default,Default,Default,1,3,100000,8,SmaGrid,279.5 μs,15.13 μs,3.93 μs,1.00,0.02,83.9844,83.9844,83.9844,782.62 KB,1.00
NativeParallel,ShortRun,False,Default,Default,Default,Default,100ms,Default,11111111111111111111111111111111,Empty,RyuJit,Default,X64,8c5e7fda-e8bf-4a96-9a85-a6e23a8c635c,.NET 10.0,False,True,False,True,Default,Default,False,False,False,Default,Default,Default,Default,Default,InProcessEmitToolchain,Default,Default,5,Default,1,Default,Default,Default,Default,Default,Default,1,3,100000,8,SmaGrid,172.6 μs,20.20 μs,5.25 μs,0.62,0.02,67.3828,66.4063,66.4063,786.18 KB,1.00
