Method,Job,AnalyzeLaunchVariance,EvaluateOverhead,MaxAbsoluteError,MaxRelativeError,MinInvokeCount,MinIterationTime,OutlierMode,Affinity,EnvironmentVariables,Jit,LargeAddressAware,Platform,PowerPlanMode,Runtime,AllowVeryLargeObjects,Concurrent,CpuGroups,Force,HeapAffinitizeMask,HeapCount,NoAffinitize,RetainVm,Server,Arguments,BuildConfiguration,Clock,EngineFactory,NuGetReferences,Toolchain,IsMutator,InvocationCount,IterationCount,IterationTime,LaunchCount,MaxIterationCount,MaxWarmupIterationCount,MemoryRandomization,MinIterationCount,MinWarmupIterationCount,RunStrategy,UnrollFactor,WarmupCount,Categories,Bars,Mean,Error,StdDev,Median,Ratio,RatioSD,Gen0,Gen1,Gen2,Allocated,Alloc Ratio
'Ooples v2 builder',Job-QAZYSB,False,Default,Default,Default,Default,Default,Default,11111111,Empty,RyuJit,Default,X64,8c5e7fda-e8bf-4a96-9a85-a6e23a8c635c,.NET 10.0,False,True,False,True,Default,Default,False,False,False,Default,Default,Default,Default,Default,Default,Default,Default,Default,Default,Default,Default,Default,Default,Default,Default,Default,16,Default,Atr,1000,"1,353.469 μs",26.3407 μs,28.1842 μs,"1,359.138 μs",1.000,0.03,251.9531,48.8281,0.0000,2108833 B,1.000
'Ooples v1 batch',Job-QAZYSB,False,Default,Default,Default,Default,Default,Default,11111111,Empty,RyuJit,Default,X64,8c5e7fda-e8bf-4a96-9a85-a6e23a8c635c,.NET 10.0,False,True,False,True,Default,Default,False,False,False,Default,Default,Default,Default,Default,Default,Default,Default,Default,Default,Default,Default,Default,Default,Default,Default,Default,16,Default,Atr,1000,"1,364.924 μs",27.2964 μs,40.0108 μs,"1,360.751 μs",1.009,0.04,248.0469,48.8281,0.0000,2085968 B,0.989
Skender,Job-QAZYSB,False,Default,Default,Default,Default,Default,Default,11111111,Empty,RyuJit,Default,X64,8c5e7fda-e8bf-4a96-9a85-a6e23a8c635c,.NET 10.0,False,True,False,True,Default,Default,False,False,False,Default,Default,Default,Default,Default,Default,Default,Default,Default,Default,Default,Default,Default,Default,Default,Default,Default,16,Default,Atr,1000,65.066 μs,1.2932 μs,3.4518 μs,63.984 μs,0.048,0.00,21.4844,7.0801,0.0000,180520 B,0.086
TA-Lib,Job-QAZYSB,False,Default,Default,Default,Default,Default,Default,11111111,Empty,RyuJit,Default,X64,8c5e7fda-e8bf-4a96-9a85-a6e23a8c635c,.NET 10.0,False,True,False,True,Default,Default,False,False,False,Default,Default,Default,Default,Default,Default,Default,Default,Default,Default,Default,Default,Default,Default,Default,Default,Default,16,Default,Atr,1000,8.891 μs,0.1727 μs,0.1697 μs,8.868 μs,0.007,0.00,0.9613,0.0153,0.0000,8104 B,0.004
Trady,Job-QAZYSB,False,Default,Default,Default,Default,Default,Default,11111111,Empty,RyuJit,Default,X64,8c5e7fda-e8bf-4a96-9a85-a6e23a8c635c,.NET 10.0,False,True,False,True,Default,Default,False,False,False,Default,Default,Default,Default,Default,Default,Default,Default,Default,Default,Default,Default,Default,Default,Default,Default,Default,16,Default,Atr,1000,"1,177.779 μs",21.7411 μs,21.3527 μs,"1,178.621 μs",0.871,0.02,220.7031,105.4688,0.0000,1852050 B,0.878
QuanTAlib,Job-QAZYSB,False,Default,Default,Default,Default,Default,Default,11111111,Empty,RyuJit,Default,X64,8c5e7fda-e8bf-4a96-9a85-a6e23a8c635c,.NET 10.0,False,True,False,True,Default,Default,False,False,False,Default,Default,Default,Default,Default,Default,Default,Default,Default,Default,Default,Default,Default,Default,Default,Default,Default,16,Default,Atr,1000,40.356 μs,0.5528 μs,0.4616 μs,40.285 μs,0.030,0.00,9.6436,0.0000,0.0000,80728 B,0.038
'Ooples v2 columns',Job-QAZYSB,False,Default,Default,Default,Default,Default,Default,11111111,Empty,RyuJit,Default,X64,8c5e7fda-e8bf-4a96-9a85-a6e23a8c635c,.NET 10.0,False,True,False,True,Default,Default,False,False,False,Default,Default,Default,Default,Default,Default,Default,Default,Default,Default,Default,Default,Default,Default,Default,Default,Default,16,Default,Atr,1000,"1,283.428 μs",25.2582 μs,47.4411 μs,"1,275.951 μs",0.949,0.04,251.9531,48.8281,0.0000,2108833 B,1.000
'Ooples v2 builder',Job-QAZYSB,False,Default,Default,Default,Default,Default,Default,11111111,Empty,RyuJit,Default,X64,8c5e7fda-e8bf-4a96-9a85-a6e23a8c635c,.NET 10.0,False,True,False,True,Default,Default,False,False,False,Default,Default,Default,Default,Default,Default,Default,Default,Default,Default,Default,Default,Default,Default,Default,Default,Default,16,Default,Atr,10000,"13,187.530 μs",259.9438 μs,468.7324 μs,"13,169.700 μs",1.001,0.05,2546.8750,328.1250,46.8750,20984083 B,1.000
'Ooples v1 batch',Job-QAZYSB,False,Default,Default,Default,Default,Default,Default,11111111,Empty,RyuJit,Default,X64,8c5e7fda-e8bf-4a96-9a85-a6e23a8c635c,.NET 10.0,False,True,False,True,Default,Default,False,False,False,Default,Default,Default,Default,Default,Default,Default,Default,Default,Default,Default,Default,Default,Default,Default,Default,Default,16,Default,Atr,10000,"13,524.936 μs",235.4908 μs,220.2782 μs,"13,532.327 μs",1.027,0.04,2531.2500,328.1250,46.8750,20841988 B,0.993
Skender,Job-QAZYSB,False,Default,Default,Default,Default,Default,Default,11111111,Empty,RyuJit,Default,X64,8c5e7fda-e8bf-4a96-9a85-a6e23a8c635c,.NET 10.0,False,True,False,True,Default,Default,False,False,False,Default,Default,Default,Default,Default,Default,Default,Default,Default,Default,Default,Default,Default,Default,Default,Default,Default,16,Default,Atr,10000,727.512 μs,13.8577 μs,28.3076 μs,720.448 μs,0.055,0.00,214.8438,139.6484,0.0000,1800520 B,0.086
TA-Lib,Job-QAZYSB,False,Default,Default,Default,Default,Default,Default,11111111,Empty,RyuJit,Default,X64,8c5e7fda-e8bf-4a96-9a85-a6e23a8c635c,.NET 10.0,False,True,False,True,Default,Default,False,False,False,Default,Default,Default,Default,Default,Default,Default,Default,Default,Default,Default,Default,Default,Default,Default,Default,Default,16,Default,Atr,10000,83.381 μs,0.4609 μs,0.4086 μs,83.306 μs,0.006,0.00,9.5215,1.5869,0.0000,80104 B,0.004
Trady,Job-QAZYSB,False,Default,Default,Default,Default,Default,Default,11111111,Empty,RyuJit,Default,X64,8c5e7fda-e8bf-4a96-9a85-a6e23a8c635c,.NET 10.0,False,True,False,True,Default,Default,False,False,False,Default,Default,Default,Default,Default,Default,Default,Default,Default,Default,Default,Default,Default,Default,Default,Default,Default,16,Default,Atr,10000,"16,486.175 μs",325.8116 μs,799.2214 μs,"16,344.800 μs",1.252,0.07,2500.0000,1687.5000,968.7500,18199198 B,0.867
QuanTAlib,Job-QAZYSB,False,Default,Default,Default,Default,Default,Default,11111111,Empty,RyuJit,Default,X64,8c5e7fda-e8bf-4a96-9a85-a6e23a8c635c,.NET 10.0,False,True,False,True,Default,Default,False,False,False,Default,Default,Default,Default,Default,Default,Default,Default,Default,Default,Default,Default,Default,Default,Default,Default,Default,16,Default,Atr,10000,375.589 μs,7.0815 μs,9.9272 μs,373.133 μs,0.029,0.00,95.7031,0.0000,0.0000,800728 B,0.038
'Ooples v2 columns',Job-QAZYSB,False,Default,Default,Default,Default,Default,Default,11111111,Empty,RyuJit,Default,X64,8c5e7fda-e8bf-4a96-9a85-a6e23a8c635c,.NET 10.0,False,True,False,True,Default,Default,False,False,False,Default,Default,Default,Default,Default,Default,Default,Default,Default,Default,Default,Default,Default,Default,Default,Default,Default,16,Default,Atr,10000,"12,313.127 μs",174.9850 μs,155.1196 μs,"12,304.000 μs",0.935,0.03,2546.8750,328.1250,46.8750,20984082 B,1.000
'Ooples v2 builder',Job-QAZYSB,False,Default,Default,Default,Default,Default,Default,11111111,Empty,RyuJit,Default,X64,8c5e7fda-e8bf-4a96-9a85-a6e23a8c635c,.NET 10.0,False,True,False,True,Default,Default,False,False,False,Default,Default,Default,Default,Default,Default,Default,Default,Default,Default,Default,Default,Default,Default,Default,Default,Default,16,Default,BollingerBands,1000,"11,446.190 μs",132.5356 μs,110.6732 μs,"11,455.144 μs",1.000,0.01,1296.8750,296.8750,0.0000,10851168 B,1.000
'Ooples v1 batch',Job-QAZYSB,False,Default,Default,Default,Default,Default,Default,11111111,Empty,RyuJit,Default,X64,8c5e7fda-e8bf-4a96-9a85-a6e23a8c635c,.NET 10.0,False,True,False,True,Default,Default,False,False,False,Default,Default,Default,Default,Default,Default,Default,Default,Default,Default,Default,Default,Default,Default,Default,Default,Default,16,Default,BollingerBands,1000,"5,403.365 μs",57.3517 μs,47.8913 μs,"5,409.116 μs",0.472,0.01,648.4375,156.2500,0.0000,5448752 B,0.502
Skender,Job-QAZYSB,False,Default,Default,Default,Default,Default,Default,11111111,Empty,RyuJit,Default,X64,8c5e7fda-e8bf-4a96-9a85-a6e23a8c635c,.NET 10.0,False,True,False,True,Default,Default,False,False,False,Default,Default,Default,Default,Default,Default,Default,Default,Default,Default,Default,Default,Default,Default,Default,Default,Default,16,Default,BollingerBands,1000,120.765 μs,2.3839 μs,3.6404 μs,120.100 μs,0.011,0.00,42.1143,11.1084,0.0000,353104 B,0.033
TA-Lib,Job-QAZYSB,False,Default,Default,Default,Default,Default,Default,11111111,Empty,RyuJit,Default,X64,8c5e7fda-e8bf-4a96-9a85-a6e23a8c635c,.NET 10.0,False,True,False,True,Default,Default,False,False,False,Default,Default,Default,Default,Default,Default,Default,Default,Default,Default,Default,Default,Default,Default,Default,Default,Default,16,Default,BollingerBands,1000,6.399 μs,0.0844 μs,0.0705 μs,6.380 μs,0.001,0.00,0.0076,0.0000,0.0000,96 B,0.000
Trady,Job-QAZYSB,False,Default,Default,Default,Default,Default,Default,11111111,Empty,RyuJit,Default,X64,8c5e7fda-e8bf-4a96-9a85-a6e23a8c635c,.NET 10.0,False,True,False,True,Default,Default,False,False,False,Default,Default,Default,Default,Default,Default,Default,Default,Default,Default,Default,Default,Default,Default,Default,Default,Default,16,Default,BollingerBands,1000,"2,522.847 μs",33.7991 μs,29.9620 μs,"2,512.703 μs",0.220,0.00,207.0313,152.3438,50.7813,1855543 B,0.171
'Ooples v2 columns',Job-QAZYSB,False,Default,Default,Default,Default,Default,Default,11111111,Empty,RyuJit,Default,X64,8c5e7fda-e8bf-4a96-9a85-a6e23a8c635c,.NET 10.0,False,True,False,True,Default,Default,False,False,False,Default,Default,Default,Default,Default,Default,Default,Default,Default,Default,Default,Default,Default,Default,Default,Default,Default,16,Default,BollingerBands,1000,"11,319.235 μs",183.1338 μs,162.3433 μs,"11,269.567 μs",0.989,0.02,1296.8750,296.8750,0.0000,10851168 B,1.000
'Ooples v2 builder',Job-QAZYSB,False,Default,Default,Default,Default,Default,Default,11111111,Empty,RyuJit,Default,X64,8c5e7fda-e8bf-4a96-9a85-a6e23a8c635c,.NET 10.0,False,True,False,True,Default,Default,False,False,False,Default,Default,Default,Default,Default,Default,Default,Default,Default,Default,Default,Default,Default,Default,Default,Default,Default,16,Default,BollingerBands,10000,"113,320.180 μs","1,770.9508 μs","1,569.9018 μs","113,144.510 μs",1.000,0.02,13000.0000,200.0000,0.0000,109730144 B,1.000
'Ooples v1 batch',Job-QAZYSB,False,Default,Default,Default,Default,Default,Default,11111111,Empty,RyuJit,Default,X64,8c5e7fda-e8bf-4a96-9a85-a6e23a8c635c,.NET 10.0,False,True,False,True,Default,Default,False,False,False,Default,Default,Default,Default,Default,Default,Default,Default,Default,Default,Default,Default,Default,Default,Default,Default,Default,16,Default,BollingerBands,10000,"56,079.229 μs",899.3142 μs,797.2186 μs,"55,923.970 μs",0.495,0.01,6600.0000,200.0000,0.0000,55212176 B,0.503
Skender,Job-QAZYSB,False,Default,Default,Default,Default,Default,Default,11111111,Empty,RyuJit,Default,X64,8c5e7fda-e8bf-4a96-9a85-a6e23a8c635c,.NET 10.0,False,True,False,True,Default,Default,False,False,False,Default,Default,Default,Default,Default,Default,Default,Default,Default,Default,Default,Default,Default,Default,Default,Default,Default,16,Default,BollingerBands,10000,"1,614.212 μs",27.7085 μs,21.6330 μs,"1,609.570 μs",0.014,0.00,410.1563,259.7656,48.8281,3557120 B,0.032
TA-Lib,Job-QAZYSB,False,Default,Default,Default,Default,Default,Default,11111111,Empty,RyuJit,Default,X64,8c5e7fda-e8bf-4a96-9a85-a6e23a8c635c,.NET 10.0,False,True,False,True,Default,Default,False,False,False,Default,Default,Default,Default,Default,Default,Default,Default,Default,Default,Default,Default,Default,Default,Default,Default,Default,16,Default,BollingerBands,10000,64.401 μs,0.3358 μs,0.2976 μs,64.429 μs,0.001,0.00,0.0000,0.0000,0.0000,96 B,0.000
Trady,Job-QAZYSB,False,Default,Default,Default,Default,Default,Default,11111111,Empty,RyuJit,Default,X64,8c5e7fda-e8bf-4a96-9a85-a6e23a8c635c,.NET 10.0,False,True,False,True,Default,Default,False,False,False,Default,Default,Default,Default,Default,Default,Default,Default,Default,Default,Default,Default,Default,Default,Default,Default,Default,16,Default,BollingerBands,10000,"26,359.456 μs",524.6932 μs,682.2494 μs,"26,315.967 μs",0.233,0.01,2406.2500,1781.2500,968.7500,18130476 B,0.165
'Ooples v2 columns',Job-QAZYSB,False,Default,Default,Default,Default,Default,Default,11111111,Empty,RyuJit,Default,X64,8c5e7fda-e8bf-4a96-9a85-a6e23a8c635c,.NET 10.0,False,True,False,True,Default,Default,False,False,False,Default,Default,Default,Default,Default,Default,Default,Default,Default,Default,Default,Default,Default,Default,Default,Default,Default,16,Default,BollingerBands,10000,"112,179.907 μs","2,007.2347 μs","2,061.2823 μs","111,636.260 μs",0.990,0.02,13000.0000,200.0000,0.0000,109730144 B,1.000
'Ooples v2 builder',Job-QAZYSB,False,Default,Default,Default,Default,Default,Default,11111111,Empty,RyuJit,Default,X64,8c5e7fda-e8bf-4a96-9a85-a6e23a8c635c,.NET 10.0,False,True,False,True,Default,Default,False,False,False,Default,Default,Default,Default,Default,Default,Default,Default,Default,Default,Default,Default,Default,Default,Default,Default,Default,16,Default,Ema,1000,75.454 μs,1.1583 μs,1.0268 μs,75.436 μs,1.00,0.02,9.5215,1.3428,0.0000,80600 B,1.000
'Ooples v1 batch',Job-QAZYSB,False,Default,Default,Default,Default,Default,Default,11111111,Empty,RyuJit,Default,X64,8c5e7fda-e8bf-4a96-9a85-a6e23a8c635c,.NET 10.0,False,True,False,True,Default,Default,False,False,False,Default,Default,Default,Default,Default,Default,Default,Default,Default,Default,Default,Default,Default,Default,Default,Default,Default,16,Default,Ema,1000,54.062 μs,0.9546 μs,0.7453 μs,54.070 μs,0.72,0.01,8.2397,1.3428,0.0000,69432 B,0.861
Skender,Job-QAZYSB,False,Default,Default,Default,Default,Default,Default,11111111,Empty,RyuJit,Default,X64,8c5e7fda-e8bf-4a96-9a85-a6e23a8c635c,.NET 10.0,False,True,False,True,Default,Default,False,False,False,Default,Default,Default,Default,Default,Default,Default,Default,Default,Default,Default,Default,Default,Default,Default,Default,Default,16,Default,Ema,1000,34.808 μs,0.6642 μs,0.6821 μs,34.756 μs,0.46,0.01,11.0474,1.8311,0.0000,92600 B,1.149
TA-Lib,Job-QAZYSB,False,Default,Default,Default,Default,Default,Default,11111111,Empty,RyuJit,Default,X64,8c5e7fda-e8bf-4a96-9a85-a6e23a8c635c,.NET 10.0,False,True,False,True,Default,Default,False,False,False,Default,Default,Default,Default,Default,Default,Default,Default,Default,Default,Default,Default,Default,Default,Default,Default,Default,16,Default,Ema,1000,2.508 μs,0.0032 μs,0.0027 μs,2.508 μs,0.03,0.00,0.0038,0.0000,0.0000,32 B,0.000
Trady,Job-QAZYSB,False,Default,Default,Default,Default,Default,Default,11111111,Empty,RyuJit,Default,X64,8c5e7fda-e8bf-4a96-9a85-a6e23a8c635c,.NET 10.0,False,True,False,True,Default,Default,False,False,False,Default,Default,Default,Default,Default,Default,Default,Default,Default,Default,Default,Default,Default,Default,Default,Default,Default,16,Default,Ema,1000,"3,210.861 μs",31.9901 μs,24.9757 μs,"3,213.011 μs",42.56,0.64,164.0625,54.6875,0.0000,1377349 B,17.089
QuanTAlib,Job-QAZYSB,False,Default,Default,Default,Default,Default,Default,11111111,Empty,RyuJit,Default,X64,8c5e7fda-e8bf-4a96-9a85-a6e23a8c635c,.NET 10.0,False,True,False,True,Default,Default,False,False,False,Default,Default,Default,Default,Default,Default,Default,Default,Default,Default,Default,Default,Default,Default,Default,Default,Default,16,Default,Ema,1000,42.021 μs,0.2491 μs,0.2080 μs,42.074 μs,0.56,0.01,4.8218,0.0610,0.0610,40736 B,0.505
'Ooples v2 columns',Job-QAZYSB,False,Default,Default,Default,Default,Default,Default,11111111,Empty,RyuJit,Default,X64,8c5e7fda-e8bf-4a96-9a85-a6e23a8c635c,.NET 10.0,False,True,False,True,Default,Default,False,False,False,Default,Default,Default,Default,Default,Default,Default,Default,Default,Default,Default,Default,Default,Default,Default,Default,Default,16,Default,Ema,1000,75.421 μs,0.8021 μs,0.6698 μs,75.421 μs,1.00,0.02,9.5215,1.5869,0.0000,80600 B,1.000
'Ooples v2 builder',Job-QAZYSB,False,Default,Default,Default,Default,Default,Default,11111111,Empty,RyuJit,Default,X64,8c5e7fda-e8bf-4a96-9a85-a6e23a8c635c,.NET 10.0,False,True,False,True,Default,Default,False,False,False,Default,Default,Default,Default,Default,Default,Default,Default,Default,Default,Default,Default,Default,Default,Default,Default,Default,16,Default,Ema,10000,734.009 μs,14.1939 μs,15.1873 μs,730.791 μs,1.00,0.03,85.9375,38.0859,0.0000,728600 B,1.000
'Ooples v1 batch',Job-QAZYSB,False,Default,Default,Default,Default,Default,Default,11111111,Empty,RyuJit,Default,X64,8c5e7fda-e8bf-4a96-9a85-a6e23a8c635c,.NET 10.0,False,True,False,True,Default,Default,False,False,False,Default,Default,Default,Default,Default,Default,Default,Default,Default,Default,Default,Default,Default,Default,Default,Default,Default,16,Default,Ema,10000,652.213 μs,12.6088 μs,29.7204 μs,643.742 μs,0.89,0.04,80.0781,48.8281,0.0000,681432 B,0.935
Skender,Job-QAZYSB,False,Default,Default,Default,Default,Default,Default,11111111,Empty,RyuJit,Default,X64,8c5e7fda-e8bf-4a96-9a85-a6e23a8c635c,.NET 10.0,False,True,False,True,Default,Default,False,False,False,Default,Default,Default,Default,Default,Default,Default,Default,Default,Default,Default,Default,Default,Default,Default,Default,Default,16,Default,Ema,10000,582.372 μs,11.5140 μs,22.1836 μs,577.503 μs,0.79,0.03,99.6094,49.8047,49.8047,920617 B,1.264
TA-Lib,Job-QAZYSB,False,Default,Default,Default,Default,Default,Default,11111111,Empty,RyuJit,Default,X64,8c5e7fda-e8bf-4a96-9a85-a6e23a8c635c,.NET 10.0,False,True,False,True,Default,Default,False,False,False,Default,Default,Default,Default,Default,Default,Default,Default,Default,Default,Default,Default,Default,Default,Default,Default,Default,16,Default,Ema,10000,25.386 μs,0.0921 μs,0.0769 μs,25.348 μs,0.03,0.00,0.0000,0.0000,0.0000,32 B,0.000
Trady,Job-QAZYSB,False,Default,Default,Default,Default,Default,Default,11111111,Empty,RyuJit,Default,X64,8c5e7fda-e8bf-4a96-9a85-a6e23a8c635c,.NET 10.0,False,True,False,True,Default,Default,False,False,False,Default,Default,Default,Default,Default,Default,Default,Default,Default,Default,Default,Default,Default,Default,Default,Default,Default,16,Default,Ema,10000,"246,093.176 μs","4,487.8112 μs","4,801.9077 μs","244,756.700 μs",335.41,9.27,1666.6667,1333.3333,666.6667,13524613 B,18.562
QuanTAlib,Job-QAZYSB,False,Default,Default,Default,Default,Default,Default,11111111,Empty,RyuJit,Default,X64,8c5e7fda-e8bf-4a96-9a85-a6e23a8c635c,.NET 10.0,False,True,False,True,Default,Default,False,False,False,Default,Default,Default,Default,Default,Default,Default,Default,Default,Default,Default,Default,Default,Default,Default,Default,Default,16,Default,Ema,10000,449.921 μs,6.4445 μs,5.7129 μs,447.715 μs,0.61,0.01,47.8516,0.0000,0.0000,400736 B,0.550
'Ooples v2 columns',Job-QAZYSB,False,Default,Default,Default,Default,Default,Default,11111111,Empty,RyuJit,Default,X64,8c5e7fda-e8bf-4a96-9a85-a6e23a8c635c,.NET 10.0,False,True,False,True,Default,Default,False,False,False,Default,Default,Default,Default,Default,Default,Default,Default,Default,Default,Default,Default,Default,Default,Default,Default,Default,16,Default,Ema,10000,751.620 μs,14.8051 μs,15.8413 μs,749.524 μs,1.02,0.03,85.9375,38.0859,0.0000,728600 B,1.000
'Ooples v2 builder',Job-QAZYSB,False,Default,Default,Default,Default,Default,Default,11111111,Empty,RyuJit,Default,X64,8c5e7fda-e8bf-4a96-9a85-a6e23a8c635c,.NET 10.0,False,True,False,True,Default,Default,False,False,False,Default,Default,Default,Default,Default,Default,Default,Default,Default,Default,Default,Default,Default,Default,Default,Default,Default,16,Default,Macd,1000,381.794 μs,3.1261 μs,2.7712 μs,381.223 μs,1.00,0.01,12.2070,1.9531,0.0000,102096 B,1.00
'Ooples v1 batch',Job-QAZYSB,False,Default,Default,Default,Default,Default,Default,11111111,Empty,RyuJit,Default,X64,8c5e7fda-e8bf-4a96-9a85-a6e23a8c635c,.NET 10.0,False,True,False,True,Default,Default,False,False,False,Default,Default,Default,Default,Default,Default,Default,Default,Default,Default,Default,Default,Default,Default,Default,Default,Default,16,Default,Macd,1000,176.556 μs,7.0615 μs,20.8211 μs,171.843 μs,0.46,0.05,15.8691,3.1738,0.0000,134512 B,1.32
Skender,Job-QAZYSB,False,Default,Default,Default,Default,Default,Default,11111111,Empty,RyuJit,Default,X64,8c5e7fda-e8bf-4a96-9a85-a6e23a8c635c,.NET 10.0,False,True,False,True,Default,Default,False,False,False,Default,Default,Default,Default,Default,Default,Default,Default,Default,Default,Default,Default,Default,Default,Default,Default,Default,16,Default,Macd,1000,77.927 μs,1.2129 μs,0.9469 μs,78.335 μs,0.20,0.00,39.6729,10.3760,0.0000,332520 B,3.26
TA-Lib,Job-QAZYSB,False,Default,Default,Default,Default,Default,Default,11111111,Empty,RyuJit,Default,X64,8c5e7fda-e8bf-4a96-9a85-a6e23a8c635c,.NET 10.0,False,True,False,True,Default,Default,False,False,False,Default,Default,Default,Default,Default,Default,Default,Default,Default,Default,Default,Default,Default,Default,Default,Default,Default,16,Default,Macd,1000,10.282 μs,0.1901 μs,0.2959 μs,10.301 μs,0.03,0.00,1.8616,0.0153,0.0000,15680 B,0.15
Trady,Job-QAZYSB,False,Default,Default,Default,Default,Default,Default,11111111,Empty,RyuJit,Default,X64,8c5e7fda-e8bf-4a96-9a85-a6e23a8c635c,.NET 10.0,False,True,False,True,Default,Default,False,False,False,Default,Default,Default,Default,Default,Default,Default,Default,Default,Default,Default,Default,Default,Default,Default,Default,Default,16,Default,Macd,1000,"2,242.781 μs",43.8508 μs,52.2012 μs,"2,246.936 μs",5.87,0.14,417.9688,257.8125,50.7813,3510038 B,34.38
'Ooples v2 columns',Job-QAZYSB,False,Default,Default,Default,Default,Default,Default,11111111,Empty,RyuJit,Default,X64,8c5e7fda-e8bf-4a96-9a85-a6e23a8c635c,.NET 10.0,False,True,False,True,Default,Default,False,False,False,Default,Default,Default,Default,Default,Default,Default,Default,Default,Default,Default,Default,Default,Default,Default,Default,Default,16,Default,Macd,1000,380.903 μs,4.0221 μs,3.1402 μs,380.180 μs,1.00,0.01,12.2070,2.4414,0.0000,102096 B,1.00
'Ooples v2 builder',Job-QAZYSB,False,Default,Default,Default,Default,Default,Default,11111111,Empty,RyuJit,Default,X64,8c5e7fda-e8bf-4a96-9a85-a6e23a8c635c,.NET 10.0,False,True,False,True,Default,Default,False,False,False,Default,Default,Default,Default,Default,Default,Default,Default,Default,Default,Default,Default,Default,Default,Default,Default,Default,16,Default,Macd,10000,"4,136.324 μs",97.4514 μs,282.7242 μs,"3,992.042 μs",1.00,0.09,101.5625,62.5000,0.0000,903184 B,1.00
'Ooples v1 batch',Job-QAZYSB,False,Default,Default,Default,Default,Default,Default,11111111,Empty,RyuJit,Default,X64,8c5e7fda-e8bf-4a96-9a85-a6e23a8c635c,.NET 10.0,False,True,False,True,Default,Default,False,False,False,Default,Default,Default,Default,Default,Default,Default,Default,Default,Default,Default,Default,Default,Default,Default,Default,Default,16,Default,Macd,10000,"1,721.163 μs",32.8037 μs,27.3926 μs,"1,720.153 μs",0.42,0.03,156.2500,101.5625,0.0000,1327056 B,1.47
Skender,Job-QAZYSB,False,Default,Default,Default,Default,Default,Default,11111111,Empty,RyuJit,Default,X64,8c5e7fda-e8bf-4a96-9a85-a6e23a8c635c,.NET 10.0,False,True,False,True,Default,Default,False,False,False,Default,Default,Default,Default,Default,Default,Default,Default,Default,Default,Default,Default,Default,Default,Default,Default,Default,16,Default,Macd,10000,"1,432.106 μs",28.1799 μs,67.5172 μs,"1,406.267 μs",0.35,0.03,498.0469,332.0313,166.0156,3524192 B,3.90
TA-Lib,Job-QAZYSB,False,Default,Default,Default,Default,Default,Default,11111111,Empty,RyuJit,Default,X64,8c5e7fda-e8bf-4a96-9a85-a6e23a8c635c,.NET 10.0,False,True,False,True,Default,Default,False,False,False,Default,Default,Default,Default,Default,Default,Default,Default,Default,Default,Default,Default,Default,Default,Default,Default,Default,16,Default,Macd,10000,100.912 μs,1.9975 μs,3.2819 μs,100.240 μs,0.02,0.00,19.0430,2.3193,0.0000,159680 B,0.18
Trady,Job-QAZYSB,False,Default,Default,Default,Default,Default,Default,11111111,Empty,RyuJit,Default,X64,8c5e7fda-e8bf-4a96-9a85-a6e23a8c635c,.NET 10.0,False,True,False,True,Default,Default,False,False,False,Default,Default,Default,Default,Default,Default,Default,Default,Default,Default,Default,Default,Default,Default,Default,Default,Default,16,Default,Macd,10000,"32,006.679 μs",634.4989 μs,"1,704.5401 μs","31,669.644 μs",7.77,0.64,3656.2500,1875.0000,1156.2500,34673580 B,38.39
'Ooples v2 columns',Job-QAZYSB,False,Default,Default,Default,Default,Default,Default,11111111,Empty,RyuJit,Default,X64,8c5e7fda-e8bf-4a96-9a85-a6e23a8c635c,.NET 10.0,False,True,False,True,Default,Default,False,False,False,Default,Default,Default,Default,Default,Default,Default,Default,Default,Default,Default,Default,Default,Default,Default,Default,Default,16,Default,Macd,10000,"3,875.101 μs",23.8310 μs,19.8999 μs,"3,870.566 μs",0.94,0.06,105.4688,66.4063,0.0000,903184 B,1.00
'Ooples v2 builder',Job-QAZYSB,False,Default,Default,Default,Default,Default,Default,11111111,Empty,RyuJit,Default,X64,8c5e7fda-e8bf-4a96-9a85-a6e23a8c635c,.NET 10.0,False,True,False,True,Default,Default,False,False,False,Default,Default,Default,Default,Default,Default,Default,Default,Default,Default,Default,Default,Default,Default,Default,Default,Default,16,Default,Rsi,1000,719.660 μs,14.1286 μs,14.5090 μs,720.974 μs,1.00,0.03,46.8750,8.7891,0.0000,394037 B,1.000
'Ooples v1 batch',Job-QAZYSB,False,Default,Default,Default,Default,Default,Default,11111111,Empty,RyuJit,Default,X64,8c5e7fda-e8bf-4a96-9a85-a6e23a8c635c,.NET 10.0,False,True,False,True,Default,Default,False,False,False,Default,Default,Default,Default,Default,Default,Default,Default,Default,Default,Default,Default,Default,Default,Default,Default,Default,16,Default,Rsi,1000,758.561 μs,5.9056 μs,4.9315 μs,757.284 μs,1.05,0.02,46.8750,8.7891,0.0000,398448 B,1.011
Skender,Job-QAZYSB,False,Default,Default,Default,Default,Default,Default,11111111,Empty,RyuJit,Default,X64,8c5e7fda-e8bf-4a96-9a85-a6e23a8c635c,.NET 10.0,False,True,False,True,Default,Default,False,False,False,Default,Default,Default,Default,Default,Default,Default,Default,Default,Default,Default,Default,Default,Default,Default,Default,Default,16,Default,Rsi,1000,38.970 μs,0.7397 μs,0.7264 μs,38.735 μs,0.05,0.00,12.9395,1.2207,0.0000,108648 B,0.276
TA-Lib,Job-QAZYSB,False,Default,Default,Default,Default,Default,Default,11111111,Empty,RyuJit,Default,X64,8c5e7fda-e8bf-4a96-9a85-a6e23a8c635c,.NET 10.0,False,True,False,True,Default,Default,False,False,False,Default,Default,Default,Default,Default,Default,Default,Default,Default,Default,Default,Default,Default,Default,Default,Default,Default,16,Default,Rsi,1000,10.494 μs,0.0071 μs,0.0055 μs,10.493 μs,0.01,0.00,0.0000,0.0000,0.0000,32 B,0.000
Trady,Job-QAZYSB,False,Default,Default,Default,Default,Default,Default,11111111,Empty,RyuJit,Default,X64,8c5e7fda-e8bf-4a96-9a85-a6e23a8c635c,.NET 10.0,False,True,False,True,Default,Default,False,False,False,Default,Default,Default,Default,Default,Default,Default,Default,Default,Default,Default,Default,Default,Default,Default,Default,Default,16,Default,Rsi,1000,"2,051.655 μs",22.6805 μs,20.1056 μs,"2,056.846 μs",2.85,0.06,367.1875,191.4063,0.0000,3107169 B,7.885
'Ooples v2 columns',Job-QAZYSB,False,Default,Default,Default,Default,Default,Default,11111111,Empty,RyuJit,Default,X64,8c5e7fda-e8bf-4a96-9a85-a6e23a8c635c,.NET 10.0,False,True,False,True,Default,Default,False,False,False,Default,Default,Default,Default,Default,Default,Default,Default,Default,Default,Default,Default,Default,Default,Default,Default,Default,16,Default,Rsi,1000,659.815 μs,11.6615 μs,10.3376 μs,658.385 μs,0.92,0.02,46.8750,8.7891,0.0000,394037 B,1.000
'Ooples v2 builder',Job-QAZYSB,False,Default,Default,Default,Default,Default,Default,11111111,Empty,RyuJit,Default,X64,8c5e7fda-e8bf-4a96-9a85-a6e23a8c635c,.NET 10.0,False,True,False,True,Default,Default,False,False,False,Default,Default,Default,Default,Default,Default,Default,Default,Default,Default,Default,Default,Default,Default,Default,Default,Default,16,Default,Rsi,10000,"6,655.119 μs",118.4163 μs,98.8829 μs,"6,654.473 μs",1.00,0.02,453.1250,398.4375,0.0000,3860566 B,1.000
'Ooples v1 batch',Job-QAZYSB,False,Default,Default,Default,Default,Default,Default,11111111,Empty,RyuJit,Default,X64,8c5e7fda-e8bf-4a96-9a85-a6e23a8c635c,.NET 10.0,False,True,False,True,Default,Default,False,False,False,Default,Default,Default,Default,Default,Default,Default,Default,Default,Default,Default,Default,Default,Default,Default,Default,Default,16,Default,Rsi,10000,"7,654.248 μs",133.1030 μs,111.1470 μs,"7,620.495 μs",1.15,0.02,468.7500,414.0625,0.0000,3966728 B,1.027
Skender,Job-QAZYSB,False,Default,Default,Default,Default,Default,Default,11111111,Empty,RyuJit,Default,X64,8c5e7fda-e8bf-4a96-9a85-a6e23a8c635c,.NET 10.0,False,True,False,True,Default,Default,False,False,False,Default,Default,Default,Default,Default,Default,Default,Default,Default,Default,Default,Default,Default,Default,Default,Default,Default,16,Default,Rsi,10000,586.316 μs,7.9643 μs,7.0601 μs,585.432 μs,0.09,0.00,149.4141,49.8047,49.8047,1080665 B,0.280
TA-Lib,Job-QAZYSB,False,Default,Default,Default,Default,Default,Default,11111111,Empty,RyuJit,Default,X64,8c5e7fda-e8bf-4a96-9a85-a6e23a8c635c,.NET 10.0,False,True,False,True,Default,Default,False,False,False,Default,Default,Default,Default,Default,Default,Default,Default,Default,Default,Default,Default,Default,Default,Default,Default,Default,16,Default,Rsi,10000,106.887 μs,0.1479 μs,0.1235 μs,106.912 μs,0.02,0.00,0.0000,0.0000,0.0000,32 B,0.000
Trady,Job-QAZYSB,False,Default,Default,Default,Default,Default,Default,11111111,Empty,RyuJit,Default,X64,8c5e7fda-e8bf-4a96-9a85-a6e23a8c635c,.NET 10.0,False,True,False,True,Default,Default,False,False,False,Default,Default,Default,Default,Default,Default,Default,Default,Default,Default,Default,Default,Default,Default,Default,Default,Default,16,Default,Rsi,10000,"30,674.443 μs",566.2980 μs,"1,254.8772 μs","30,753.181 μs",4.61,0.20,3125.0000,1875.0000,1125.0000,30158454 B,7.812
'Ooples v2 columns',Job-QAZYSB,False,Default,Default,Default,Default,Default,Default,11111111,Empty,RyuJit,Default,X64,8c5e7fda-e8bf-4a96-9a85-a6e23a8c635c,.NET 10.0,False,True,False,True,Default,Default,False,False,False,Default,Default,Default,Default,Default,Default,Default,Default,Default,Default,Default,Default,Default,Default,Default,Default,Default,16,Default,Rsi,10000,"6,594.564 μs",55.0176 μs,48.7716 μs,"6,598.118 μs",0.99,0.02,453.1250,390.6250,0.0000,3860566 B,1.000
'Ooples v2 builder',Job-QAZYSB,False,Default,Default,Default,Default,Default,Default,11111111,Empty,RyuJit,Default,X64,8c5e7fda-e8bf-4a96-9a85-a6e23a8c635c,.NET 10.0,False,True,False,True,Default,Default,False,False,False,Default,Default,Default,Default,Default,Default,Default,Default,Default,Default,Default,Default,Default,Default,Default,Default,Default,16,Default,Sma,1000,38.285 μs,0.7484 μs,1.1429 μs,37.951 μs,1.00,0.04,9.5825,1.3428,0.0000,80600 B,1.000
'Ooples v1 batch',Job-QAZYSB,False,Default,Default,Default,Default,Default,Default,11111111,Empty,RyuJit,Default,X64,8c5e7fda-e8bf-4a96-9a85-a6e23a8c635c,.NET 10.0,False,True,False,True,Default,Default,False,False,False,Default,Default,Default,Default,Default,Default,Default,Default,Default,Default,Default,Default,Default,Default,Default,Default,Default,16,Default,Sma,1000,30.807 μs,0.5863 μs,0.6021 μs,30.766 μs,0.81,0.03,8.2703,1.3733,0.0000,69432 B,0.861
Skender,Job-QAZYSB,False,Default,Default,Default,Default,Default,Default,11111111,Empty,RyuJit,Default,X64,8c5e7fda-e8bf-4a96-9a85-a6e23a8c635c,.NET 10.0,False,True,False,True,Default,Default,False,False,False,Default,Default,Default,Default,Default,Default,Default,Default,Default,Default,Default,Default,Default,Default,Default,Default,Default,16,Default,Sma,1000,80.345 μs,1.5622 μs,1.5343 μs,79.959 μs,2.10,0.07,10.9863,1.7090,0.0000,92600 B,1.149
TA-Lib,Job-QAZYSB,False,Default,Default,Default,Default,Default,Default,11111111,Empty,RyuJit,Default,X64,8c5e7fda-e8bf-4a96-9a85-a6e23a8c635c,.NET 10.0,False,True,False,True,Default,Default,False,False,False,Default,Default,Default,Default,Default,Default,Default,Default,Default,Default,Default,Default,Default,Default,Default,Default,Default,16,Default,Sma,1000,1.736 μs,0.0050 μs,0.0042 μs,1.735 μs,0.05,0.00,0.0038,0.0000,0.0000,32 B,0.000
Trady,Job-QAZYSB,False,Default,Default,Default,Default,Default,Default,11111111,Empty,RyuJit,Default,X64,8c5e7fda-e8bf-4a96-9a85-a6e23a8c635c,.NET 10.0,False,True,False,True,Default,Default,False,False,False,Default,Default,Default,Default,Default,Default,Default,Default,Default,Default,Default,Default,Default,Default,Default,Default,Default,16,Default,Sma,1000,674.541 μs,13.2281 μs,11.7264 μs,671.097 μs,17.63,0.58,91.7969,30.2734,0.0000,772590 B,9.585
QuanTAlib,Job-QAZYSB,False,Default,Default,Default,Default,Default,Default,11111111,Empty,RyuJit,Default,X64,8c5e7fda-e8bf-4a96-9a85-a6e23a8c635c,.NET 10.0,False,True,False,True,Default,Default,False,False,False,Default,Default,Default,Default,Default,Default,Default,Default,Default,Default,Default,Default,Default,Default,Default,Default,Default,16,Default,Sma,1000,69.062 μs,0.9218 μs,0.8171 μs,69.143 μs,1.81,0.06,25.2686,0.0000,0.0000,211768 B,2.627
'Ooples v2 columns',Job-QAZYSB,False,Default,Default,Default,Default,Default,Default,11111111,Empty,RyuJit,Default,X64,8c5e7fda-e8bf-4a96-9a85-a6e23a8c635c,.NET 10.0,False,True,False,True,Default,Default,False,False,False,Default,Default,Default,Default,Default,Default,Default,Default,Default,Default,Default,Default,Default,Default,Default,Default,Default,16,Default,Sma,1000,39.022 μs,0.7683 μs,0.9991 μs,38.633 μs,1.02,0.04,9.5825,1.6479,0.0000,80600 B,1.000
'Ooples v2 builder',Job-QAZYSB,False,Default,Default,Default,Default,Default,Default,11111111,Empty,RyuJit,Default,X64,8c5e7fda-e8bf-4a96-9a85-a6e23a8c635c,.NET 10.0,False,True,False,True,Default,Default,False,False,False,Default,Default,Default,Default,Default,Default,Default,Default,Default,Default,Default,Default,Default,Default,Default,Default,Default,16,Default,Sma,10000,347.072 μs,4.5931 μs,4.0717 μs,346.549 μs,1.00,0.02,86.4258,38.5742,0.0000,728600 B,1.000
'Ooples v1 batch',Job-QAZYSB,False,Default,Default,Default,Default,Default,Default,11111111,Empty,RyuJit,Default,X64,8c5e7fda-e8bf-4a96-9a85-a6e23a8c635c,.NET 10.0,False,True,False,True,Default,Default,False,False,False,Default,Default,Default,Default,Default,Default,Default,Default,Default,Default,Default,Default,Default,Default,Default,Default,Default,16,Default,Sma,10000,339.130 μs,5.0760 μs,4.2387 μs,338.285 μs,0.98,0.02,80.5664,49.8047,0.0000,681432 B,0.935
Skender,Job-QAZYSB,False,Default,Default,Default,Default,Default,Default,11111111,Empty,RyuJit,Default,X64,8c5e7fda-e8bf-4a96-9a85-a6e23a8c635c,.NET 10.0,False,True,False,True,Default,Default,False,False,False,Default,Default,Default,Default,Default,Default,Default,Default,Default,Default,Default,Default,Default,Default,Default,Default,Default,16,Default,Sma,10000,646.883 μs,12.7087 μs,14.6354 μs,641.703 μs,1.86,0.05,99.6094,49.8047,49.8047,920617 B,1.264
TA-Lib,Job-QAZYSB,False,Default,Default,Default,Default,Default,Default,11111111,Empty,RyuJit,Default,X64,8c5e7fda-e8bf-4a96-9a85-a6e23a8c635c,.NET 10.0,False,True,False,True,Default,Default,False,False,False,Default,Default,Default,Default,Default,Default,Default,Default,Default,Default,Default,Default,Default,Default,Default,Default,Default,16,Default,Sma,10000,17.224 μs,0.0229 μs,0.0191 μs,17.218 μs,0.05,0.00,0.0000,0.0000,0.0000,32 B,0.000
Trady,Job-QAZYSB,False,Default,Default,Default,Default,Default,Default,11111111,Empty,RyuJit,Default,X64,8c5e7fda-e8bf-4a96-9a85-a6e23a8c635c,.NET 10.0,False,True,False,True,Default,Default,False,False,False,Default,Default,Default,Default,Default,Default,Default,Default,Default,Default,Default,Default,Default,Default,Default,Default,Default,16,Default,Sma,10000,"8,792.112 μs",172.0703 μs,282.7164 μs,"8,779.322 μs",25.34,0.85,1046.8750,765.6250,328.1250,7637154 B,10.482
QuanTAlib,Job-QAZYSB,False,Default,Default,Default,Default,Default,Default,11111111,Empty,RyuJit,Default,X64,8c5e7fda-e8bf-4a96-9a85-a6e23a8c635c,.NET 10.0,False,True,False,True,Default,Default,False,False,False,Default,Default,Default,Default,Default,Default,Default,Default,Default,Default,Default,Default,Default,Default,Default,Default,Default,16,Default,Sma,10000,685.016 μs,12.7035 μs,10.6080 μs,686.766 μs,1.97,0.04,255.8594,0.0000,0.0000,2144968 B,2.944
'Ooples v2 columns',Job-QAZYSB,False,Default,Default,Default,Default,Default,Default,11111111,Empty,RyuJit,Default,X64,8c5e7fda-e8bf-4a96-9a85-a6e23a8c635c,.NET 10.0,False,True,False,True,Default,Default,False,False,False,Default,Default,Default,Default,Default,Default,Default,Default,Default,Default,Default,Default,Default,Default,Default,Default,Default,16,Default,Sma,10000,344.053 μs,6.6372 μs,7.1018 μs,340.860 μs,0.99,0.02,86.4258,38.5742,0.0000,728600 B,1.000
'Ooples v2 builder',Job-QAZYSB,False,Default,Default,Default,Default,Default,Default,11111111,Empty,RyuJit,Default,X64,8c5e7fda-e8bf-4a96-9a85-a6e23a8c635c,.NET 10.0,False,True,False,True,Default,Default,False,False,False,Default,Default,Default,Default,Default,Default,Default,Default,Default,Default,Default,Default,Default,Default,Default,Default,Default,16,Default,Stochastic,1000,"1,079.588 μs",9.3452 μs,8.7415 μs,"1,077.988 μs",1.000,0.01,83.9844,15.6250,0.0000,716320 B,1.00
'Ooples v1 batch',Job-QAZYSB,False,Default,Default,Default,Default,Default,Default,11111111,Empty,RyuJit,Default,X64,8c5e7fda-e8bf-4a96-9a85-a6e23a8c635c,.NET 10.0,False,True,False,True,Default,Default,False,False,False,Default,Default,Default,Default,Default,Default,Default,Default,Default,Default,Default,Default,Default,Default,Default,Default,Default,16,Default,Stochastic,1000,576.160 μs,9.9226 μs,9.2816 μs,574.647 μs,0.534,0.01,48.8281,10.7422,0.0000,414472 B,0.58
Skender,Job-QAZYSB,False,Default,Default,Default,Default,Default,Default,11111111,Empty,RyuJit,Default,X64,8c5e7fda-e8bf-4a96-9a85-a6e23a8c635c,.NET 10.0,False,True,False,True,Default,Default,False,False,False,Default,Default,Default,Default,Default,Default,Default,Default,Default,Default,Default,Default,Default,Default,Default,Default,Default,16,Default,Stochastic,1000,129.408 μs,2.4793 μs,2.7557 μs,128.869 μs,0.120,0.00,23.4375,5.1270,0.0000,196544 B,0.27
TA-Lib,Job-QAZYSB,False,Default,Default,Default,Default,Default,Default,11111111,Empty,RyuJit,Default,X64,8c5e7fda-e8bf-4a96-9a85-a6e23a8c635c,.NET 10.0,False,True,False,True,Default,Default,False,False,False,Default,Default,Default,Default,Default,Default,Default,Default,Default,Default,Default,Default,Default,Default,Default,Default,Default,16,Default,Stochastic,1000,9.306 μs,0.1068 μs,0.0947 μs,9.278 μs,0.009,0.00,0.9613,0.0153,0.0000,8088 B,0.01
'Ooples v2 columns',Job-QAZYSB,False,Default,Default,Default,Default,Default,Default,11111111,Empty,RyuJit,Default,X64,8c5e7fda-e8bf-4a96-9a85-a6e23a8c635c,.NET 10.0,False,True,False,True,Default,Default,False,False,False,Default,Default,Default,Default,Default,Default,Default,Default,Default,Default,Default,Default,Default,Default,Default,Default,Default,16,Default,Stochastic,1000,"1,076.978 μs",9.7181 μs,7.5872 μs,"1,078.569 μs",0.998,0.01,83.9844,15.6250,0.0000,716320 B,1.00
'Ooples v2 builder',Job-QAZYSB,False,Default,Default,Default,Default,Default,Default,11111111,Empty,RyuJit,Default,X64,8c5e7fda-e8bf-4a96-9a85-a6e23a8c635c,.NET 10.0,False,True,False,True,Default,Default,False,False,False,Default,Default,Default,Default,Default,Default,Default,Default,Default,Default,Default,Default,Default,Default,Default,Default,Default,16,Default,Stochastic,10000,"10,829.115 μs",101.4085 μs,89.8960 μs,"10,814.463 μs",1.00,0.01,843.7500,765.6250,0.0000,7062122 B,1.00
'Ooples v1 batch',Job-QAZYSB,False,Default,Default,Default,Default,Default,Default,11111111,Empty,RyuJit,Default,X64,8c5e7fda-e8bf-4a96-9a85-a6e23a8c635c,.NET 10.0,False,True,False,True,Default,Default,False,False,False,Default,Default,Default,Default,Default,Default,Default,Default,Default,Default,Default,Default,Default,Default,Default,Default,Default,16,Default,Stochastic,10000,"5,788.489 μs",76.1709 μs,63.6061 μs,"5,761.934 μs",0.53,0.01,484.3750,445.3125,0.0000,4122192 B,0.58
Skender,Job-QAZYSB,False,Default,Default,Default,Default,Default,Default,11111111,Empty,RyuJit,Default,X64,8c5e7fda-e8bf-4a96-9a85-a6e23a8c635c,.NET 10.0,False,True,False,True,Default,Default,False,False,False,Default,Default,Default,Default,Default,Default,Default,Default,Default,Default,Default,Default,Default,Default,Default,Default,Default,16,Default,Stochastic,10000,"1,828.710 μs",27.1754 μs,22.6927 μs,"1,820.767 μs",0.17,0.00,248.0469,197.2656,48.8281,1960560 B,0.28
TA-Lib,Job-QAZYSB,False,Default,Default,Default,Default,Default,Default,11111111,Empty,RyuJit,Default,X64,8c5e7fda-e8bf-4a96-9a85-a6e23a8c635c,.NET 10.0,False,True,False,True,Default,Default,False,False,False,Default,Default,Default,Default,Default,Default,Default,Default,Default,Default,Default,Default,Default,Default,Default,Default,Default,16,Default,Stochastic,10000,147.859 μs,2.8054 μs,3.0018 μs,146.861 μs,0.01,0.00,9.5215,1.4648,0.0000,80088 B,0.01
'Ooples v2 columns',Job-QAZYSB,False,Default,Default,Default,Default,Default,Default,11111111,Empty,RyuJit,Default,X64,8c5e7fda-e8bf-4a96-9a85-a6e23a8c635c,.NET 10.0,False,True,False,True,Default,Default,False,False,False,Default,Default,Default,Default,Default,Default,Default,Default,Default,Default,Default,Default,Default,Default,Default,Default,Default,16,Default,Stochastic,10000,"10,729.168 μs",207.9370 μs,374.9533 μs,"10,563.894 μs",0.99,0.04,843.7500,765.6250,0.0000,7062122 B,1.00
