Method,Job,AnalyzeLaunchVariance,EvaluateOverhead,MaxAbsoluteError,MaxRelativeError,MinInvokeCount,MinIterationTime,OutlierMode,Affinity,EnvironmentVariables,Jit,LargeAddressAware,Platform,PowerPlanMode,Runtime,AllowVeryLargeObjects,Concurrent,CpuGroups,Force,HeapAffinitizeMask,HeapCount,NoAffinitize,RetainVm,Server,Arguments,BuildConfiguration,Clock,EngineFactory,NuGetReferences,Toolchain,IsMutator,InvocationCount,IterationCount,IterationTime,LaunchCount,MaxIterationCount,MaxWarmupIterationCount,MemoryRandomization,MinIterationCount,MinWarmupIterationCount,RunStrategy,UnrollFactor,WarmupCount,Categories,History,Mean,Error,StdDev,Median,Ratio,RatioSD,Gen0,Gen1,Gen2,Allocated,Alloc Ratio
'Ooples streaming state',Job-WWJRJR,False,Default,Default,Default,Default,Default,Default,11111111,Empty,RyuJit,Default,X64,8c5e7fda-e8bf-4a96-9a85-a6e23a8c635c,.NET 10.0,False,True,False,True,Default,Default,False,False,False,Default,Default,Default,Default,Default,Default,Default,1,Default,Default,Default,Default,Default,Default,Default,Default,Default,1,Default,Atr,1000,6.348 μs,0.5015 μs,1.4787 μs,6.700 μs,1.06,0.37,0.0000,0.0000,0.0000,2016 B,1.00
'QuanTAlib incremental',Job-WWJRJR,False,Default,Default,Default,Default,Default,Default,11111111,Empty,RyuJit,Default,X64,8c5e7fda-e8bf-4a96-9a85-a6e23a8c635c,.NET 10.0,False,True,False,True,Default,Default,False,False,False,Default,Default,Default,Default,Default,Default,Default,1,Default,Default,Default,Default,Default,Default,Default,Default,Default,1,Default,Atr,1000,1.671 μs,0.1022 μs,0.2833 μs,1.600 μs,0.28,0.09,0.0000,0.0000,0.0000,80 B,0.04
'Skender (full recompute)',Job-WWJRJR,False,Default,Default,Default,Default,Default,Default,11111111,Empty,RyuJit,Default,X64,8c5e7fda-e8bf-4a96-9a85-a6e23a8c635c,.NET 10.0,False,True,False,True,Default,Default,False,False,False,Default,Default,Default,Default,Default,Default,Default,1,Default,Default,Default,Default,Default,Default,Default,Default,Default,1,Default,Atr,1000,221.314 μs,1.9648 μs,1.7417 μs,220.650 μs,36.99,9.61,0.0000,0.0000,0.0000,180704 B,89.63
'TA-Lib (full recompute)',Job-WWJRJR,False,Default,Default,Default,Default,Default,Default,11111111,Empty,RyuJit,Default,X64,8c5e7fda-e8bf-4a96-9a85-a6e23a8c635c,.NET 10.0,False,True,False,True,Default,Default,False,False,False,Default,Default,Default,Default,Default,Default,Default,1,Default,Default,Default,Default,Default,Default,Default,Default,Default,1,Default,Atr,1000,187.311 μs,53.8141 μs,158.6722 μs,72.450 μs,31.31,28.45,0.0000,0.0000,0.0000,8144 B,4.04
'Trady (full recompute)',Job-WWJRJR,False,Default,Default,Default,Default,Default,Default,11111111,Empty,RyuJit,Default,X64,8c5e7fda-e8bf-4a96-9a85-a6e23a8c635c,.NET 10.0,False,True,False,True,Default,Default,False,False,False,Default,Default,Default,Default,Default,Default,Default,1,Default,Default,Default,Default,Default,Default,Default,Default,Default,1,Default,Atr,1000,"3,844.898 μs",288.4219 μs,841.3402 μs,"4,185.200 μs",642.71,220.79,0.0000,0.0000,0.0000,1910424 B,947.63
'Ooples streaming state',Job-WWJRJR,False,Default,Default,Default,Default,Default,Default,11111111,Empty,RyuJit,Default,X64,8c5e7fda-e8bf-4a96-9a85-a6e23a8c635c,.NET 10.0,False,True,False,True,Default,Default,False,False,False,Default,Default,Default,Default,Default,Default,Default,1,Default,Default,Default,Default,Default,Default,Default,Default,Default,1,Default,Atr,10000,5.956 μs,0.3472 μs,0.9736 μs,5.800 μs,1.03,0.23,0.0000,0.0000,0.0000,2016 B,1.00
'QuanTAlib incremental',Job-WWJRJR,False,Default,Default,Default,Default,Default,Default,11111111,Empty,RyuJit,Default,X64,8c5e7fda-e8bf-4a96-9a85-a6e23a8c635c,.NET 10.0,False,True,False,True,Default,Default,False,False,False,Default,Default,Default,Default,Default,Default,Default,1,Default,Default,Default,Default,Default,Default,Default,Default,Default,1,Default,Atr,10000,2.017 μs,0.1941 μs,0.5662 μs,1.900 μs,0.35,0.11,0.0000,0.0000,0.0000,80 B,0.04
'Skender (full recompute)',Job-WWJRJR,False,Default,Default,Default,Default,Default,Default,11111111,Empty,RyuJit,Default,X64,8c5e7fda-e8bf-4a96-9a85-a6e23a8c635c,.NET 10.0,False,True,False,True,Default,Default,False,False,False,Default,Default,Default,Default,Default,Default,Default,1,Default,Default,Default,Default,Default,Default,Default,Default,Default,1,Default,Atr,10000,674.258 μs,12.0571 μs,16.5039 μs,670.200 μs,116.12,18.53,0.0000,0.0000,0.0000,1800704 B,893.21
'TA-Lib (full recompute)',Job-WWJRJR,False,Default,Default,Default,Default,Default,Default,11111111,Empty,RyuJit,Default,X64,8c5e7fda-e8bf-4a96-9a85-a6e23a8c635c,.NET 10.0,False,True,False,True,Default,Default,False,False,False,Default,Default,Default,Default,Default,Default,Default,1,Default,Default,Default,Default,Default,Default,Default,Default,Default,1,Default,Atr,10000,105.918 μs,6.4148 μs,18.6106 μs,110.600 μs,18.24,4.32,0.0000,0.0000,0.0000,80112 B,39.74
'Trady (full recompute)',Job-WWJRJR,False,Default,Default,Default,Default,Default,Default,11111111,Empty,RyuJit,Default,X64,8c5e7fda-e8bf-4a96-9a85-a6e23a8c635c,.NET 10.0,False,True,False,True,Default,Default,False,False,False,Default,Default,Default,Default,Default,Default,Default,1,Default,Default,Default,Default,Default,Default,Default,Default,Default,1,Default,Atr,10000,"12,420.837 μs",243.0216 μs,270.1179 μs,"12,434.600 μs","2,139.09",340.50,1000.0000,0.0000,0.0000,18197200 B,"9,026.39"
'Ooples streaming state',Job-WWJRJR,False,Default,Default,Default,Default,Default,Default,11111111,Empty,RyuJit,Default,X64,8c5e7fda-e8bf-4a96-9a85-a6e23a8c635c,.NET 10.0,False,True,False,True,Default,Default,False,False,False,Default,Default,Default,Default,Default,Default,Default,1,Default,Default,Default,Default,Default,Default,Default,Default,Default,1,Default,Rsi,1000,5.122 μs,0.3394 μs,0.9628 μs,5.300 μs,1.04,0.31,0.0000,0.0000,0.0000,296 B,1.00
'Skender (full recompute)',Job-WWJRJR,False,Default,Default,Default,Default,Default,Default,11111111,Empty,RyuJit,Default,X64,8c5e7fda-e8bf-4a96-9a85-a6e23a8c635c,.NET 10.0,False,True,False,True,Default,Default,False,False,False,Default,Default,Default,Default,Default,Default,Default,1,Default,Default,Default,Default,Default,Default,Default,Default,Default,1,Default,Rsi,1000,244.254 μs,1.1719 μs,0.9786 μs,244.300 μs,49.75,11.41,0.0000,0.0000,0.0000,108760 B,367.43
'TA-Lib (full recompute)',Job-WWJRJR,False,Default,Default,Default,Default,Default,Default,11111111,Empty,RyuJit,Default,X64,8c5e7fda-e8bf-4a96-9a85-a6e23a8c635c,.NET 10.0,False,True,False,True,Default,Default,False,False,False,Default,Default,Default,Default,Default,Default,Default,1,Default,Default,Default,Default,Default,Default,Default,Default,Default,1,Default,Rsi,1000,50.656 μs,1.9748 μs,5.3725 μs,49.650 μs,10.32,2.62,0.0000,0.0000,0.0000,32 B,0.11
'Trady (full recompute)',Job-WWJRJR,False,Default,Default,Default,Default,Default,Default,11111111,Empty,RyuJit,Default,X64,8c5e7fda-e8bf-4a96-9a85-a6e23a8c635c,.NET 10.0,False,True,False,True,Default,Default,False,False,False,Default,Default,Default,Default,Default,Default,Default,1,Default,Default,Default,Default,Default,Default,Default,Default,Default,1,Default,Rsi,1000,"7,031.154 μs",803.8639 μs,"2,370.2111 μs","7,563.350 μs","1,432.25",592.27,0.0000,0.0000,0.0000,3110096 B,"10,507.08"
'Ooples streaming state',Job-WWJRJR,False,Default,Default,Default,Default,Default,Default,11111111,Empty,RyuJit,Default,X64,8c5e7fda-e8bf-4a96-9a85-a6e23a8c635c,.NET 10.0,False,True,False,True,Default,Default,False,False,False,Default,Default,Default,Default,Default,Default,Default,1,Default,Default,Default,Default,Default,Default,Default,Default,Default,1,Default,Rsi,10000,4.943 μs,0.3219 μs,0.9184 μs,4.900 μs,1.04,0.28,0.0000,0.0000,0.0000,296 B,1.00
'Skender (full recompute)',Job-WWJRJR,False,Default,Default,Default,Default,Default,Default,11111111,Empty,RyuJit,Default,X64,8c5e7fda-e8bf-4a96-9a85-a6e23a8c635c,.NET 10.0,False,True,False,True,Default,Default,False,False,False,Default,Default,Default,Default,Default,Default,Default,1,Default,Default,Default,Default,Default,Default,Default,Default,Default,1,Default,Rsi,10000,537.036 μs,25.3484 μs,72.3203 μs,561.200 μs,112.54,26.56,0.0000,0.0000,0.0000,1080760 B,"3,651.22"
'TA-Lib (full recompute)',Job-WWJRJR,False,Default,Default,Default,Default,Default,Default,11111111,Empty,RyuJit,Default,X64,8c5e7fda-e8bf-4a96-9a85-a6e23a8c635c,.NET 10.0,False,True,False,True,Default,Default,False,False,False,Default,Default,Default,Default,Default,Default,Default,1,Default,Default,Default,Default,Default,Default,Default,Default,Default,1,Default,Rsi,10000,142.164 μs,2.6725 μs,5.0847 μs,141.200 μs,29.79,5.84,0.0000,0.0000,0.0000,32 B,0.11
'Trady (full recompute)',Job-WWJRJR,False,Default,Default,Default,Default,Default,Default,11111111,Empty,RyuJit,Default,X64,8c5e7fda-e8bf-4a96-9a85-a6e23a8c635c,.NET 10.0,False,True,False,True,Default,Default,False,False,False,Default,Default,Default,Default,Default,Default,Default,1,Default,Default,Default,Default,Default,Default,Default,Default,Default,1,Default,Rsi,10000,"25,722.786 μs",273.9627 μs,465.2094 μs,"25,772.000 μs","5,390.24","1,042.67",3000.0000,1000.0000,1000.0000,30162168 B,"101,899.22"
'Ooples streaming state',Job-WWJRJR,False,Default,Default,Default,Default,Default,Default,11111111,Empty,RyuJit,Default,X64,8c5e7fda-e8bf-4a96-9a85-a6e23a8c635c,.NET 10.0,False,True,False,True,Default,Default,False,False,False,Default,Default,Default,Default,Default,Default,Default,1,Default,Default,Default,Default,Default,Default,Default,Default,Default,1,Default,Sma,1000,1.092 μs,0.0923 μs,0.2662 μs,1.000 μs,1.05,0.35,0.0000,0.0000,0.0000,0 B,NA
'QuanTAlib incremental',Job-WWJRJR,False,Default,Default,Default,Default,Default,Default,11111111,Empty,RyuJit,Default,X64,8c5e7fda-e8bf-4a96-9a85-a6e23a8c635c,.NET 10.0,False,True,False,True,Default,Default,False,False,False,Default,Default,Default,Default,Default,Default,Default,1,Default,Default,Default,Default,Default,Default,Default,Default,Default,1,Default,Sma,1000,2.124 μs,0.0777 μs,0.2139 μs,2.100 μs,2.05,0.49,0.0000,0.0000,0.0000,224 B,NA
'Skender (full recompute)',Job-WWJRJR,False,Default,Default,Default,Default,Default,Default,11111111,Empty,RyuJit,Default,X64,8c5e7fda-e8bf-4a96-9a85-a6e23a8c635c,.NET 10.0,False,True,False,True,Default,Default,False,False,False,Default,Default,Default,Default,Default,Default,Default,1,Default,Default,Default,Default,Default,Default,Default,Default,Default,1,Default,Sma,1000,220.226 μs,3.7145 μs,4.1286 μs,219.500 μs,212.48,45.64,0.0000,0.0000,0.0000,92696 B,NA
'TA-Lib (full recompute)',Job-WWJRJR,False,Default,Default,Default,Default,Default,Default,11111111,Empty,RyuJit,Default,X64,8c5e7fda-e8bf-4a96-9a85-a6e23a8c635c,.NET 10.0,False,True,False,True,Default,Default,False,False,False,Default,Default,Default,Default,Default,Default,Default,1,Default,Default,Default,Default,Default,Default,Default,Default,Default,1,Default,Sma,1000,16.043 μs,0.5019 μs,1.4401 μs,16.200 μs,15.48,3.60,0.0000,0.0000,0.0000,32 B,NA
'Trady (full recompute)',Job-WWJRJR,False,Default,Default,Default,Default,Default,Default,11111111,Empty,RyuJit,Default,X64,8c5e7fda-e8bf-4a96-9a85-a6e23a8c635c,.NET 10.0,False,True,False,True,Default,Default,False,False,False,Default,Default,Default,Default,Default,Default,Default,1,Default,Default,Default,Default,Default,Default,Default,Default,Default,1,Default,Sma,1000,"2,973.369 μs",239.3651 μs,705.7736 μs,"2,903.000 μs","2,868.84",925.63,0.0000,0.0000,0.0000,776056 B,NA
'Ooples streaming state',Job-WWJRJR,False,Default,Default,Default,Default,Default,Default,11111111,Empty,RyuJit,Default,X64,8c5e7fda-e8bf-4a96-9a85-a6e23a8c635c,.NET 10.0,False,True,False,True,Default,Default,False,False,False,Default,Default,Default,Default,Default,Default,Default,1,Default,Default,Default,Default,Default,Default,Default,Default,Default,1,Default,Sma,10000,1.511 μs,0.1875 μs,0.5441 μs,1.500 μs,1.14,0.61,0.0000,0.0000,0.0000,0 B,NA
'QuanTAlib incremental',Job-WWJRJR,False,Default,Default,Default,Default,Default,Default,11111111,Empty,RyuJit,Default,X64,8c5e7fda-e8bf-4a96-9a85-a6e23a8c635c,.NET 10.0,False,True,False,True,Default,Default,False,False,False,Default,Default,Default,Default,Default,Default,Default,1,Default,Default,Default,Default,Default,Default,Default,Default,Default,1,Default,Sma,10000,2.116 μs,0.1982 μs,0.5686 μs,2.100 μs,1.60,0.75,0.0000,0.0000,0.0000,224 B,NA
'Skender (full recompute)',Job-WWJRJR,False,Default,Default,Default,Default,Default,Default,11111111,Empty,RyuJit,Default,X64,8c5e7fda-e8bf-4a96-9a85-a6e23a8c635c,.NET 10.0,False,True,False,True,Default,Default,False,False,False,Default,Default,Default,Default,Default,Default,Default,1,Default,Default,Default,Default,Default,Default,Default,Default,Default,1,Default,Sma,10000,625.842 μs,12.2106 μs,16.7141 μs,626.600 μs,472.53,178.03,0.0000,0.0000,0.0000,920696 B,NA
'TA-Lib (full recompute)',Job-WWJRJR,False,Default,Default,Default,Default,Default,Default,11111111,Empty,RyuJit,Default,X64,8c5e7fda-e8bf-4a96-9a85-a6e23a8c635c,.NET 10.0,False,True,False,True,Default,Default,False,False,False,Default,Default,Default,Default,Default,Default,Default,1,Default,Default,Default,Default,Default,Default,Default,Default,Default,1,Default,Sma,10000,35.625 μs,4.2726 μs,12.5307 μs,41.000 μs,26.90,14.26,0.0000,0.0000,0.0000,32 B,NA
'Trady (full recompute)',Job-WWJRJR,False,Default,Default,Default,Default,Default,Default,11111111,Empty,RyuJit,Default,X64,8c5e7fda-e8bf-4a96-9a85-a6e23a8c635c,.NET 10.0,False,True,False,True,Default,Default,False,False,False,Default,Default,Default,Default,Default,Default,Default,1,Default,Default,Default,Default,Default,Default,Default,Default,Default,1,Default,Sma,10000,"7,459.367 μs",146.4822 μs,232.3364 μs,"7,408.700 μs","5,632.00","2,123.97",0.0000,0.0000,0.0000,7639640 B,NA
