Method,Job,AnalyzeLaunchVariance,EvaluateOverhead,MaxAbsoluteError,MaxRelativeError,MinInvokeCount,MinIterationTime,OutlierMode,Affinity,EnvironmentVariables,Jit,LargeAddressAware,Platform,PowerPlanMode,Runtime,AllowVeryLargeObjects,Concurrent,CpuGroups,Force,HeapAffinitizeMask,HeapCount,NoAffinitize,RetainVm,Server,Arguments,BuildConfiguration,Clock,EngineFactory,NuGetReferences,Toolchain,IsMutator,InvocationCount,IterationCount,IterationTime,LaunchCount,MaxIterationCount,MaxWarmupIterationCount,MemoryRandomization,MinIterationCount,MinWarmupIterationCount,RunStrategy,UnrollFactor,WarmupCount,Variance,Count,Mean,Error,StdDev,Ratio,RatioSD,Gen0,Gen1,Gen2,Allocated,Alloc Ratio
BuilderFull,ShortRun,False,Default,Default,Default,Default,100ms,Default,11111111111111111111111111111111,Empty,RyuJit,Default,X64,8c5e7fda-e8bf-4a96-9a85-a6e23a8c635c,.NET 10.0,False,True,False,True,Default,Default,False,False,False,Default,Default,Default,Default,Default,InProcessEmitToolchain,Default,Default,5,Default,1,Default,Default,Default,Default,Default,Default,1,3,False,1000,188.121 μs,14.5576 μs,2.2528 μs,32.88,0.61,3.9063,0.0000,0.0000,58.86 KB,7.63
BuilderLatestOnly,ShortRun,False,Default,Default,Default,Default,100ms,Default,11111111111111111111111111111111,Empty,RyuJit,Default,X64,8c5e7fda-e8bf-4a96-9a85-a6e23a8c635c,.NET 10.0,False,True,False,True,Default,Default,False,False,False,Default,Default,Default,Default,Default,InProcessEmitToolchain,Default,Default,5,Default,1,Default,Default,Default,Default,Default,Default,1,3,False,1000,135.514 μs,2.2133 μs,0.3425 μs,23.68,0.37,0.9766,0.0000,0.0000,11.49 KB,1.49
NativeSingle,ShortRun,False,Default,Default,Default,Default,100ms,Default,11111111111111111111111111111111,Empty,RyuJit,Default,X64,8c5e7fda-e8bf-4a96-9a85-a6e23a8c635c,.NET 10.0,False,True,False,True,Default,Default,False,False,False,Default,Default,Default,Default,Default,InProcessEmitToolchain,Default,Default,5,Default,1,Default,Default,Default,Default,Default,Default,1,3,False,1000,5.723 μs,0.3688 μs,0.0958 μs,1.00,0.02,0.9155,0.0000,0.0000,7.72 KB,1.00
NativeParallel,ShortRun,False,Default,Default,Default,Default,100ms,Default,11111111111111111111111111111111,Empty,RyuJit,Default,X64,8c5e7fda-e8bf-4a96-9a85-a6e23a8c635c,.NET 10.0,False,True,False,True,Default,Default,False,False,False,Default,Default,Default,Default,Default,InProcessEmitToolchain,Default,Default,5,Default,1,Default,Default,Default,Default,Default,Default,1,3,False,1000,3.470 μs,0.3087 μs,0.0802 μs,0.61,0.02,0.9766,0.0000,0.0000,8.09 KB,1.05
BuilderFull,ShortRun,False,Default,Default,Default,Default,100ms,Default,11111111111111111111111111111111,Empty,RyuJit,Default,X64,8c5e7fda-e8bf-4a96-9a85-a6e23a8c635c,.NET 10.0,False,True,False,True,Default,Default,False,False,False,Default,Default,Default,Default,Default,InProcessEmitToolchain,Default,Default,5,Default,1,Default,Default,Default,Default,Default,Default,1,3,False,10000,"1,619.318 μs",84.5653 μs,13.0866 μs,29.30,0.24,140.6250,140.6250,140.6250,552.44 KB,7.08
BuilderLatestOnly,ShortRun,False,Default,Default,Default,Default,100ms,Default,11111111111111111111111111111111,Empty,RyuJit,Default,X64,8c5e7fda-e8bf-4a96-9a85-a6e23a8c635c,.NET 10.0,False,True,False,True,Default,Default,False,False,False,Default,Default,Default,Default,Default,InProcessEmitToolchain,Default,Default,5,Default,1,Default,Default,Default,Default,Default,Default,1,3,False,10000,"1,342.713 μs",39.7639 μs,10.3266 μs,24.29,0.20,7.8125,0.0000,0.0000,81.87 KB,1.05
NativeSingle,ShortRun,False,Default,Default,Default,Default,100ms,Default,11111111111111111111111111111111,Empty,RyuJit,Default,X64,8c5e7fda-e8bf-4a96-9a85-a6e23a8c635c,.NET 10.0,False,True,False,True,Default,Default,False,False,False,Default,Default,Default,Default,Default,InProcessEmitToolchain,Default,Default,5,Default,1,Default,Default,Default,Default,Default,Default,1,3,False,10000,55.269 μs,1.5844 μs,0.2452 μs,1.00,0.01,9.2773,1.4648,0.0000,78.04 KB,1.00
NativeParallel,ShortRun,False,Default,Default,Default,Default,100ms,Default,11111111111111111111111111111111,Empty,RyuJit,Default,X64,8c5e7fda-e8bf-4a96-9a85-a6e23a8c635c,.NET 10.0,False,True,False,True,Default,Default,False,False,False,Default,Default,Default,Default,Default,InProcessEmitToolchain,Default,Default,5,Default,1,Default,Default,Default,Default,Default,Default,1,3,False,10000,20.525 μs,7.0070 μs,1.8197 μs,0.37,0.03,9.5215,1.8311,0.0000,78.41 KB,1.00
BuilderFull,ShortRun,False,Default,Default,Default,Default,100ms,Default,11111111111111111111111111111111,Empty,RyuJit,Default,X64,8c5e7fda-e8bf-4a96-9a85-a6e23a8c635c,.NET 10.0,False,True,False,True,Default,Default,False,False,False,Default,Default,Default,Default,Default,InProcessEmitToolchain,Default,Default,5,Default,1,Default,Default,Default,Default,Default,Default,1,3,True,1000,117.843 μs,19.3112 μs,5.0150 μs,35.98,1.43,6.8359,0.9766,0.0000,58.87 KB,7.63
BuilderLatestOnly,ShortRun,False,Default,Default,Default,Default,100ms,Default,11111111111111111111111111111111,Empty,RyuJit,Default,X64,8c5e7fda-e8bf-4a96-9a85-a6e23a8c635c,.NET 10.0,False,True,False,True,Default,Default,False,False,False,Default,Default,Default,Default,Default,InProcessEmitToolchain,Default,Default,5,Default,1,Default,Default,Default,Default,Default,Default,1,3,True,1000,113.507 μs,6.0643 μs,0.9385 μs,34.66,0.38,0.9766,0.0000,0.0000,11.49 KB,1.49
NativeSingle,ShortRun,False,Default,Default,Default,Default,100ms,Default,11111111111111111111111111111111,Empty,RyuJit,Default,X64,8c5e7fda-e8bf-4a96-9a85-a6e23a8c635c,.NET 10.0,False,True,False,True,Default,Default,False,False,False,Default,Default,Default,Default,Default,InProcessEmitToolchain,Default,Default,5,Default,1,Default,Default,Default,Default,Default,Default,1,3,True,1000,3.275 μs,0.1097 μs,0.0285 μs,1.00,0.01,0.9155,0.0000,0.0000,7.72 KB,1.00
NativeParallel,ShortRun,False,Default,Default,Default,Default,100ms,Default,11111111111111111111111111111111,Empty,RyuJit,Default,X64,8c5e7fda-e8bf-4a96-9a85-a6e23a8c635c,.NET 10.0,False,True,False,True,Default,Default,False,False,False,Default,Default,Default,Default,Default,InProcessEmitToolchain,Default,Default,5,Default,1,Default,Default,Default,Default,Default,Default,1,3,True,1000,3.243 μs,0.5130 μs,0.1332 μs,0.99,0.04,0.9766,0.0000,0.0000,8.09 KB,1.05
BuilderFull,ShortRun,False,Default,Default,Default,Default,100ms,Default,11111111111111111111111111111111,Empty,RyuJit,Default,X64,8c5e7fda-e8bf-4a96-9a85-a6e23a8c635c,.NET 10.0,False,True,False,True,Default,Default,False,False,False,Default,Default,Default,Default,Default,InProcessEmitToolchain,Default,Default,5,Default,1,Default,Default,Default,Default,Default,Default,1,3,True,10000,"1,387.004 μs",43.1863 μs,11.2153 μs,45.11,0.34,140.6250,140.6250,140.6250,552.38 KB,7.08
BuilderLatestOnly,ShortRun,False,Default,Default,Default,Default,100ms,Default,11111111111111111111111111111111,Empty,RyuJit,Default,X64,8c5e7fda-e8bf-4a96-9a85-a6e23a8c635c,.NET 10.0,False,True,False,True,Default,Default,False,False,False,Default,Default,Default,Default,Default,InProcessEmitToolchain,Default,Default,5,Default,1,Default,Default,Default,Default,Default,Default,1,3,True,10000,"1,120.293 μs",126.2634 μs,19.5394 μs,36.44,0.57,7.8125,0.0000,0.0000,81.85 KB,1.05
NativeSingle,ShortRun,False,Default,Default,Default,Default,100ms,Default,11111111111111111111111111111111,Empty,RyuJit,Default,X64,8c5e7fda-e8bf-4a96-9a85-a6e23a8c635c,.NET 10.0,False,True,False,True,Default,Default,False,False,False,Default,Default,Default,Default,Default,InProcessEmitToolchain,Default,Default,5,Default,1,Default,Default,Default,Default,Default,Default,1,3,True,10000,30.747 μs,0.2430 μs,0.0376 μs,1.00,0.00,9.5215,1.7090,0.0000,78.03 KB,1.00
NativeParallel,ShortRun,False,Default,Default,Default,Default,100ms,Default,11111111111111111111111111111111,Empty,RyuJit,Default,X64,8c5e7fda-e8bf-4a96-9a85-a6e23a8c635c,.NET 10.0,False,True,False,True,Default,Default,False,False,False,Default,Default,Default,Default,Default,InProcessEmitToolchain,Default,Default,5,Default,1,Default,Default,Default,Default,Default,Default,1,3,True,10000,12.115 μs,0.3050 μs,0.0792 μs,0.39,0.00,9.5215,1.8311,0.0000,78.41 KB,1.00
