Method,Job,AnalyzeLaunchVariance,EvaluateOverhead,MaxAbsoluteError,MaxRelativeError,MinInvokeCount,MinIterationTime,OutlierMode,Affinity,EnvironmentVariables,Jit,LargeAddressAware,Platform,PowerPlanMode,Runtime,AllowVeryLargeObjects,Concurrent,CpuGroups,Force,HeapAffinitizeMask,HeapCount,NoAffinitize,RetainVm,Server,Arguments,BuildConfiguration,Clock,EngineFactory,NuGetReferences,Toolchain,IsMutator,InvocationCount,IterationCount,IterationTime,LaunchCount,MaxIterationCount,MaxWarmupIterationCount,MemoryRandomization,MinIterationCount,MinWarmupIterationCount,RunStrategy,UnrollFactor,WarmupCount,Count,Family,Mean,Error,StdDev,Ratio,RatioSD,Gen0,Gen1,Gen2,Allocated,Alloc Ratio
LegacyRuntime,ShortRun,False,Default,Default,Default,Default,100ms,Default,11111111111111111111111111111111,Empty,RyuJit,Default,X64,8c5e7fda-e8bf-4a96-9a85-a6e23a8c635c,.NET 10.0,False,True,False,True,Default,Default,False,False,False,Default,Default,Default,Default,Default,InProcessEmitToolchain,Default,Default,5,Default,1,Default,Default,Default,Default,Default,Default,1,3,1000,ClassicBands,"6,207.04 μs",383.490 μs,99.591 μs,1.00,0.02,533.3333,133.3333,0.0000,4443.46 KB,1.00
StateGraph,ShortRun,False,Default,Default,Default,Default,100ms,Default,11111111111111111111111111111111,Empty,RyuJit,Default,X64,8c5e7fda-e8bf-4a96-9a85-a6e23a8c635c,.NET 10.0,False,True,False,True,Default,Default,False,False,False,Default,Default,Default,Default,Default,InProcessEmitToolchain,Default,Default,5,Default,1,Default,Default,Default,Default,Default,Default,1,3,1000,ClassicBands,"6,163.24 μs",337.985 μs,87.774 μs,0.99,0.02,500.0000,125.0000,0.0000,4439.44 KB,1.00
StateLatestOnly,ShortRun,False,Default,Default,Default,Default,100ms,Default,11111111111111111111111111111111,Empty,RyuJit,Default,X64,8c5e7fda-e8bf-4a96-9a85-a6e23a8c635c,.NET 10.0,False,True,False,True,Default,Default,False,False,False,Default,Default,Default,Default,Default,InProcessEmitToolchain,Default,Default,5,Default,1,Default,Default,Default,Default,Default,Default,1,3,1000,ClassicBands,"6,318.16 μs",802.217 μs,208.333 μs,1.02,0.03,500.0000,62.5000,0.0000,4392.07 KB,0.99
LegacyRuntime,ShortRun,False,Default,Default,Default,Default,100ms,Default,11111111111111111111111111111111,Empty,RyuJit,Default,X64,8c5e7fda-e8bf-4a96-9a85-a6e23a8c635c,.NET 10.0,False,True,False,True,Default,Default,False,False,False,Default,Default,Default,Default,Default,InProcessEmitToolchain,Default,Default,5,Default,1,Default,Default,Default,Default,Default,Default,1,3,1000,Convolution,117.25 μs,7.717 μs,1.194 μs,1.00,0.01,6.8359,0.9766,0.0000,61.61 KB,1.00
StateGraph,ShortRun,False,Default,Default,Default,Default,100ms,Default,11111111111111111111111111111111,Empty,RyuJit,Default,X64,8c5e7fda-e8bf-4a96-9a85-a6e23a8c635c,.NET 10.0,False,True,False,True,Default,Default,False,False,False,Default,Default,Default,Default,Default,InProcessEmitToolchain,Default,Default,5,Default,1,Default,Default,Default,Default,Default,Default,1,3,1000,Convolution,106.33 μs,11.312 μs,2.938 μs,0.91,0.02,6.8359,0.9766,0.0000,58.47 KB,0.95
StateLatestOnly,ShortRun,False,Default,Default,Default,Default,100ms,Default,11111111111111111111111111111111,Empty,RyuJit,Default,X64,8c5e7fda-e8bf-4a96-9a85-a6e23a8c635c,.NET 10.0,False,True,False,True,Default,Default,False,False,False,Default,Default,Default,Default,Default,InProcessEmitToolchain,Default,Default,5,Default,1,Default,Default,Default,Default,Default,Default,1,3,1000,Convolution,110.59 μs,45.155 μs,11.727 μs,0.94,0.09,0.9766,0.0000,0.0000,11.09 KB,0.18
LegacyRuntime,ShortRun,False,Default,Default,Default,Default,100ms,Default,11111111111111111111111111111111,Empty,RyuJit,Default,X64,8c5e7fda-e8bf-4a96-9a85-a6e23a8c635c,.NET 10.0,False,True,False,True,Default,Default,False,False,False,Default,Default,Default,Default,Default,InProcessEmitToolchain,Default,Default,5,Default,1,Default,Default,Default,Default,Default,Default,1,3,1000,DeviationBands,"10,024.93 μs",998.416 μs,259.285 μs,1.00,0.03,727.2727,181.8182,0.0000,6356.58 KB,1.00
StateGraph,ShortRun,False,Default,Default,Default,Default,100ms,Default,11111111111111111111111111111111,Empty,RyuJit,Default,X64,8c5e7fda-e8bf-4a96-9a85-a6e23a8c635c,.NET 10.0,False,True,False,True,Default,Default,False,False,False,Default,Default,Default,Default,Default,InProcessEmitToolchain,Default,Default,5,Default,1,Default,Default,Default,Default,Default,Default,1,3,1000,DeviationBands,"9,557.09 μs",229.387 μs,59.571 μs,0.95,0.02,727.2727,181.8182,0.0000,6353.2 KB,1.00
StateLatestOnly,ShortRun,False,Default,Default,Default,Default,100ms,Default,11111111111111111111111111111111,Empty,RyuJit,Default,X64,8c5e7fda-e8bf-4a96-9a85-a6e23a8c635c,.NET 10.0,False,True,False,True,Default,Default,False,False,False,Default,Default,Default,Default,Default,InProcessEmitToolchain,Default,Default,5,Default,1,Default,Default,Default,Default,Default,Default,1,3,1000,DeviationBands,"9,520.39 μs",325.544 μs,84.543 μs,0.95,0.02,727.2727,181.8182,0.0000,6305.85 KB,0.99
LegacyRuntime,ShortRun,False,Default,Default,Default,Default,100ms,Default,11111111111111111111111111111111,Empty,RyuJit,Default,X64,8c5e7fda-e8bf-4a96-9a85-a6e23a8c635c,.NET 10.0,False,True,False,True,Default,Default,False,False,False,Default,Default,Default,Default,Default,InProcessEmitToolchain,Default,Default,5,Default,1,Default,Default,Default,Default,Default,Default,1,3,1000,DeviationDetails,"1,974.16 μs",42.648 μs,11.076 μs,1.00,0.01,125.0000,31.2500,0.0000,1095.39 KB,1.00
StateGraph,ShortRun,False,Default,Default,Default,Default,100ms,Default,11111111111111111111111111111111,Empty,RyuJit,Default,X64,8c5e7fda-e8bf-4a96-9a85-a6e23a8c635c,.NET 10.0,False,True,False,True,Default,Default,False,False,False,Default,Default,Default,Default,Default,InProcessEmitToolchain,Default,Default,5,Default,1,Default,Default,Default,Default,Default,Default,1,3,1000,DeviationDetails,"1,958.83 μs",147.171 μs,38.220 μs,0.99,0.02,125.0000,31.2500,0.0000,1092.17 KB,1.00
StateLatestOnly,ShortRun,False,Default,Default,Default,Default,100ms,Default,11111111111111111111111111111111,Empty,RyuJit,Default,X64,8c5e7fda-e8bf-4a96-9a85-a6e23a8c635c,.NET 10.0,False,True,False,True,Default,Default,False,False,False,Default,Default,Default,Default,Default,InProcessEmitToolchain,Default,Default,5,Default,1,Default,Default,Default,Default,Default,Default,1,3,1000,DeviationDetails,"1,989.10 μs",191.726 μs,49.791 μs,1.01,0.02,125.0000,15.6250,0.0000,1044.79 KB,0.95
LegacyRuntime,ShortRun,False,Default,Default,Default,Default,100ms,Default,11111111111111111111111111111111,Empty,RyuJit,Default,X64,8c5e7fda-e8bf-4a96-9a85-a6e23a8c635c,.NET 10.0,False,True,False,True,Default,Default,False,False,False,Default,Default,Default,Default,Default,InProcessEmitToolchain,Default,Default,5,Default,1,Default,Default,Default,Default,Default,Default,1,3,1000,Dispersion,236.45 μs,2.447 μs,0.379 μs,1.00,0.00,5.8594,0.0000,0.0000,61.96 KB,1.00
StateGraph,ShortRun,False,Default,Default,Default,Default,100ms,Default,11111111111111111111111111111111,Empty,RyuJit,Default,X64,8c5e7fda-e8bf-4a96-9a85-a6e23a8c635c,.NET 10.0,False,True,False,True,Default,Default,False,False,False,Default,Default,Default,Default,Default,InProcessEmitToolchain,Default,Default,5,Default,1,Default,Default,Default,Default,Default,Default,1,3,1000,Dispersion,219.98 μs,7.701 μs,2.000 μs,0.93,0.01,5.8594,0.0000,0.0000,58.85 KB,0.95
StateLatestOnly,ShortRun,False,Default,Default,Default,Default,100ms,Default,11111111111111111111111111111111,Empty,RyuJit,Default,X64,8c5e7fda-e8bf-4a96-9a85-a6e23a8c635c,.NET 10.0,False,True,False,True,Default,Default,False,False,False,Default,Default,Default,Default,Default,InProcessEmitToolchain,Default,Default,5,Default,1,Default,Default,Default,Default,Default,Default,1,3,1000,Dispersion,217.14 μs,21.440 μs,3.318 μs,0.92,0.01,0.0000,0.0000,0.0000,11.47 KB,0.19
LegacyRuntime,ShortRun,False,Default,Default,Default,Default,100ms,Default,11111111111111111111111111111111,Empty,RyuJit,Default,X64,8c5e7fda-e8bf-4a96-9a85-a6e23a8c635c,.NET 10.0,False,True,False,True,Default,Default,False,False,False,Default,Default,Default,Default,Default,InProcessEmitToolchain,Default,Default,5,Default,1,Default,Default,Default,Default,Default,Default,1,3,1000,Ema,87.76 μs,27.807 μs,7.221 μs,1.01,0.11,7.3242,0.9766,0.0000,61.13 KB,1.00
StateGraph,ShortRun,False,Default,Default,Default,Default,100ms,Default,11111111111111111111111111111111,Empty,RyuJit,Default,X64,8c5e7fda-e8bf-4a96-9a85-a6e23a8c635c,.NET 10.0,False,True,False,True,Default,Default,False,False,False,Default,Default,Default,Default,Default,InProcessEmitToolchain,Default,Default,5,Default,1,Default,Default,Default,Default,Default,Default,1,3,1000,Ema,58.77 μs,4.619 μs,0.715 μs,0.67,0.05,6.8359,0.9766,0.0000,58.13 KB,0.95
StateLatestOnly,ShortRun,False,Default,Default,Default,Default,100ms,Default,11111111111111111111111111111111,Empty,RyuJit,Default,X64,8c5e7fda-e8bf-4a96-9a85-a6e23a8c635c,.NET 10.0,False,True,False,True,Default,Default,False,False,False,Default,Default,Default,Default,Default,InProcessEmitToolchain,Default,Default,5,Default,1,Default,Default,Default,Default,Default,Default,1,3,1000,Ema,55.82 μs,3.604 μs,0.558 μs,0.64,0.05,0.9766,0.0000,0.0000,10.75 KB,0.18
LegacyRuntime,ShortRun,False,Default,Default,Default,Default,100ms,Default,11111111111111111111111111111111,Empty,RyuJit,Default,X64,8c5e7fda-e8bf-4a96-9a85-a6e23a8c635c,.NET 10.0,False,True,False,True,Default,Default,False,False,False,Default,Default,Default,Default,Default,InProcessEmitToolchain,Default,Default,5,Default,1,Default,Default,Default,Default,Default,Default,1,3,1000,Endpoint,234.49 μs,4.191 μs,0.649 μs,1.00,0.00,5.8594,0.0000,0.0000,61.97 KB,1.00
StateGraph,ShortRun,False,Default,Default,Default,Default,100ms,Default,11111111111111111111111111111111,Empty,RyuJit,Default,X64,8c5e7fda-e8bf-4a96-9a85-a6e23a8c635c,.NET 10.0,False,True,False,True,Default,Default,False,False,False,Default,Default,Default,Default,Default,InProcessEmitToolchain,Default,Default,5,Default,1,Default,Default,Default,Default,Default,Default,1,3,1000,Endpoint,243.97 μs,69.299 μs,17.997 μs,1.04,0.07,5.8594,0.0000,0.0000,58.83 KB,0.95
StateLatestOnly,ShortRun,False,Default,Default,Default,Default,100ms,Default,11111111111111111111111111111111,Empty,RyuJit,Default,X64,8c5e7fda-e8bf-4a96-9a85-a6e23a8c635c,.NET 10.0,False,True,False,True,Default,Default,False,False,False,Default,Default,Default,Default,Default,InProcessEmitToolchain,Default,Default,5,Default,1,Default,Default,Default,Default,Default,Default,1,3,1000,Endpoint,227.02 μs,94.647 μs,14.647 μs,0.97,0.06,0.0000,0.0000,0.0000,11.46 KB,0.18
LegacyRuntime,ShortRun,False,Default,Default,Default,Default,100ms,Default,11111111111111111111111111111111,Empty,RyuJit,Default,X64,8c5e7fda-e8bf-4a96-9a85-a6e23a8c635c,.NET 10.0,False,True,False,True,Default,Default,False,False,False,Default,Default,Default,Default,Default,InProcessEmitToolchain,Default,Default,5,Default,1,Default,Default,Default,Default,Default,Default,1,3,1000,Gaussian,"1,889.25 μs",163.901 μs,42.564 μs,1.00,0.03,187.5000,31.2500,0.0000,1540.01 KB,1.00
StateGraph,ShortRun,False,Default,Default,Default,Default,100ms,Default,11111111111111111111111111111111,Empty,RyuJit,Default,X64,8c5e7fda-e8bf-4a96-9a85-a6e23a8c635c,.NET 10.0,False,True,False,True,Default,Default,False,False,False,Default,Default,Default,Default,Default,InProcessEmitToolchain,Default,Default,5,Default,1,Default,Default,Default,Default,Default,Default,1,3,1000,Gaussian,"1,803.03 μs",194.902 μs,30.161 μs,0.95,0.02,187.5000,31.2500,0.0000,1536.72 KB,1.00
StateLatestOnly,ShortRun,False,Default,Default,Default,Default,100ms,Default,11111111111111111111111111111111,Empty,RyuJit,Default,X64,8c5e7fda-e8bf-4a96-9a85-a6e23a8c635c,.NET 10.0,False,True,False,True,Default,Default,False,False,False,Default,Default,Default,Default,Default,InProcessEmitToolchain,Default,Default,5,Default,1,Default,Default,Default,Default,Default,Default,1,3,1000,Gaussian,"2,137.80 μs",470.053 μs,122.071 μs,1.13,0.06,171.8750,0.0000,0.0000,1489.34 KB,0.97
LegacyRuntime,ShortRun,False,Default,Default,Default,Default,100ms,Default,11111111111111111111111111111111,Empty,RyuJit,Default,X64,8c5e7fda-e8bf-4a96-9a85-a6e23a8c635c,.NET 10.0,False,True,False,True,Default,Default,False,False,False,Default,Default,Default,Default,Default,InProcessEmitToolchain,Default,Default,5,Default,1,Default,Default,Default,Default,Default,Default,1,3,1000,Regression,201.74 μs,8.943 μs,1.384 μs,1.00,0.01,5.8594,0.0000,0.0000,62.13 KB,1.00
StateGraph,ShortRun,False,Default,Default,Default,Default,100ms,Default,11111111111111111111111111111111,Empty,RyuJit,Default,X64,8c5e7fda-e8bf-4a96-9a85-a6e23a8c635c,.NET 10.0,False,True,False,True,Default,Default,False,False,False,Default,Default,Default,Default,Default,InProcessEmitToolchain,Default,Default,5,Default,1,Default,Default,Default,Default,Default,Default,1,3,1000,Regression,188.87 μs,11.257 μs,1.742 μs,0.94,0.01,5.8594,0.0000,0.0000,58.99 KB,0.95
StateLatestOnly,ShortRun,False,Default,Default,Default,Default,100ms,Default,11111111111111111111111111111111,Empty,RyuJit,Default,X64,8c5e7fda-e8bf-4a96-9a85-a6e23a8c635c,.NET 10.0,False,True,False,True,Default,Default,False,False,False,Default,Default,Default,Default,Default,InProcessEmitToolchain,Default,Default,5,Default,1,Default,Default,Default,Default,Default,Default,1,3,1000,Regression,188.93 μs,38.965 μs,6.030 μs,0.94,0.03,0.0000,0.0000,0.0000,11.62 KB,0.19
LegacyRuntime,ShortRun,False,Default,Default,Default,Default,100ms,Default,11111111111111111111111111111111,Empty,RyuJit,Default,X64,8c5e7fda-e8bf-4a96-9a85-a6e23a8c635c,.NET 10.0,False,True,False,True,Default,Default,False,False,False,Default,Default,Default,Default,Default,InProcessEmitToolchain,Default,Default,5,Default,1,Default,Default,Default,Default,Default,Default,1,3,1000,Sine,"1,935.83 μs",695.489 μs,180.616 μs,1.01,0.12,171.8750,15.6250,0.0000,1515.95 KB,1.00
StateGraph,ShortRun,False,Default,Default,Default,Default,100ms,Default,11111111111111111111111111111111,Empty,RyuJit,Default,X64,8c5e7fda-e8bf-4a96-9a85-a6e23a8c635c,.NET 10.0,False,True,False,True,Default,Default,False,False,False,Default,Default,Default,Default,Default,InProcessEmitToolchain,Default,Default,5,Default,1,Default,Default,Default,Default,Default,Default,1,3,1000,Sine,"1,748.68 μs",97.190 μs,15.040 μs,0.91,0.08,171.8750,15.6250,0.0000,1512.66 KB,1.00
StateLatestOnly,ShortRun,False,Default,Default,Default,Default,100ms,Default,11111111111111111111111111111111,Empty,RyuJit,Default,X64,8c5e7fda-e8bf-4a96-9a85-a6e23a8c635c,.NET 10.0,False,True,False,True,Default,Default,False,False,False,Default,Default,Default,Default,Default,InProcessEmitToolchain,Default,Default,5,Default,1,Default,Default,Default,Default,Default,Default,1,3,1000,Sine,"2,052.43 μs",955.503 μs,248.141 μs,1.07,0.15,171.8750,0.0000,0.0000,1465.29 KB,0.97
LegacyRuntime,ShortRun,False,Default,Default,Default,Default,100ms,Default,11111111111111111111111111111111,Empty,RyuJit,Default,X64,8c5e7fda-e8bf-4a96-9a85-a6e23a8c635c,.NET 10.0,False,True,False,True,Default,Default,False,False,False,Default,Default,Default,Default,Default,InProcessEmitToolchain,Default,Default,5,Default,1,Default,Default,Default,Default,Default,Default,1,3,1000,Sum,25.28 μs,16.261 μs,4.223 μs,1.02,0.22,7.4463,0.9766,0.0000,61.21 KB,1.00
StateGraph,ShortRun,False,Default,Default,Default,Default,100ms,Default,11111111111111111111111111111111,Empty,RyuJit,Default,X64,8c5e7fda-e8bf-4a96-9a85-a6e23a8c635c,.NET 10.0,False,True,False,True,Default,Default,False,False,False,Default,Default,Default,Default,Default,InProcessEmitToolchain,Default,Default,5,Default,1,Default,Default,Default,Default,Default,Default,1,3,1000,Sum,22.39 μs,6.280 μs,1.631 μs,0.90,0.15,7.0801,1.0986,0.0000,58.37 KB,0.95
StateLatestOnly,ShortRun,False,Default,Default,Default,Default,100ms,Default,11111111111111111111111111111111,Empty,RyuJit,Default,X64,8c5e7fda-e8bf-4a96-9a85-a6e23a8c635c,.NET 10.0,False,True,False,True,Default,Default,False,False,False,Default,Default,Default,Default,Default,InProcessEmitToolchain,Default,Default,5,Default,1,Default,Default,Default,Default,Default,Default,1,3,1000,Sum,24.32 μs,1.303 μs,0.338 μs,0.98,0.15,7.0801,0.9766,0.0000,58.86 KB,0.96
LegacyRuntime,ShortRun,False,Default,Default,Default,Default,100ms,Default,11111111111111111111111111111111,Empty,RyuJit,Default,X64,8c5e7fda-e8bf-4a96-9a85-a6e23a8c635c,.NET 10.0,False,True,False,True,Default,Default,False,False,False,Default,Default,Default,Default,Default,InProcessEmitToolchain,Default,Default,5,Default,1,Default,Default,Default,Default,Default,Default,1,3,10000,ClassicBands,"65,528.43 μs","2,923.711 μs",452.447 μs,1.00,0.01,5500.0000,250.0000,0.0000,44987.84 KB,1.00
StateGraph,ShortRun,False,Default,Default,Default,Default,100ms,Default,11111111111111111111111111111111,Empty,RyuJit,Default,X64,8c5e7fda-e8bf-4a96-9a85-a6e23a8c635c,.NET 10.0,False,True,False,True,Default,Default,False,False,False,Default,Default,Default,Default,Default,InProcessEmitToolchain,Default,Default,5,Default,1,Default,Default,Default,Default,Default,Default,1,3,10000,ClassicBands,"66,427.40 μs","3,951.181 μs","1,026.109 μs",1.01,0.02,5250.0000,250.0000,0.0000,44983.4 KB,1.00
StateLatestOnly,ShortRun,False,Default,Default,Default,Default,100ms,Default,11111111111111111111111111111111,Empty,RyuJit,Default,X64,8c5e7fda-e8bf-4a96-9a85-a6e23a8c635c,.NET 10.0,False,True,False,True,Default,Default,False,False,False,Default,Default,Default,Default,Default,InProcessEmitToolchain,Default,Default,5,Default,1,Default,Default,Default,Default,Default,Default,1,3,10000,ClassicBands,"74,803.59 μs","20,843.548 μs","5,413.003 μs",1.14,0.08,5250.0000,250.0000,0.0000,44514.15 KB,0.99
LegacyRuntime,ShortRun,False,Default,Default,Default,Default,100ms,Default,11111111111111111111111111111111,Empty,RyuJit,Default,X64,8c5e7fda-e8bf-4a96-9a85-a6e23a8c635c,.NET 10.0,False,True,False,True,Default,Default,False,False,False,Default,Default,Default,Default,Default,InProcessEmitToolchain,Default,Default,5,Default,1,Default,Default,Default,Default,Default,Default,1,3,10000,Convolution,"1,521.47 μs",106.765 μs,27.727 μs,1.00,0.02,62.5000,15.6250,0.0000,554.42 KB,1.00
StateGraph,ShortRun,False,Default,Default,Default,Default,100ms,Default,11111111111111111111111111111111,Empty,RyuJit,Default,X64,8c5e7fda-e8bf-4a96-9a85-a6e23a8c635c,.NET 10.0,False,True,False,True,Default,Default,False,False,False,Default,Default,Default,Default,Default,InProcessEmitToolchain,Default,Default,5,Default,1,Default,Default,Default,Default,Default,Default,1,3,10000,Convolution,"1,379.18 μs",127.193 μs,33.032 μs,0.91,0.03,78.1250,70.3125,70.3125,551.68 KB,1.00
StateLatestOnly,ShortRun,False,Default,Default,Default,Default,100ms,Default,11111111111111111111111111111111,Empty,RyuJit,Default,X64,8c5e7fda-e8bf-4a96-9a85-a6e23a8c635c,.NET 10.0,False,True,False,True,Default,Default,False,False,False,Default,Default,Default,Default,Default,InProcessEmitToolchain,Default,Default,5,Default,1,Default,Default,Default,Default,Default,Default,1,3,10000,Convolution,"1,281.60 μs",611.099 μs,158.700 μs,0.84,0.10,7.8125,0.0000,0.0000,81.48 KB,0.15
LegacyRuntime,ShortRun,False,Default,Default,Default,Default,100ms,Default,11111111111111111111111111111111,Empty,RyuJit,Default,X64,8c5e7fda-e8bf-4a96-9a85-a6e23a8c635c,.NET 10.0,False,True,False,True,Default,Default,False,False,False,Default,Default,Default,Default,Default,InProcessEmitToolchain,Default,Default,5,Default,1,Default,Default,Default,Default,Default,Default,1,3,10000,DeviationBands,"99,717.08 μs","1,694.289 μs",262.193 μs,1.00,0.00,7750.0000,250.0000,0.0000,64586.49 KB,1.00
StateGraph,ShortRun,False,Default,Default,Default,Default,100ms,Default,11111111111111111111111111111111,Empty,RyuJit,Default,X64,8c5e7fda-e8bf-4a96-9a85-a6e23a8c635c,.NET 10.0,False,True,False,True,Default,Default,False,False,False,Default,Default,Default,Default,Default,InProcessEmitToolchain,Default,Default,5,Default,1,Default,Default,Default,Default,Default,Default,1,3,10000,DeviationBands,"100,880.35 μs","4,672.838 μs","1,213.521 μs",1.01,0.01,7750.0000,250.0000,0.0000,64582.67 KB,1.00
StateLatestOnly,ShortRun,False,Default,Default,Default,Default,100ms,Default,11111111111111111111111111111111,Empty,RyuJit,Default,X64,8c5e7fda-e8bf-4a96-9a85-a6e23a8c635c,.NET 10.0,False,True,False,True,Default,Default,False,False,False,Default,Default,Default,Default,Default,InProcessEmitToolchain,Default,Default,5,Default,1,Default,Default,Default,Default,Default,Default,1,3,10000,DeviationBands,"99,464.11 μs","4,097.874 μs",634.151 μs,1.00,0.01,7750.0000,250.0000,0.0000,64113.42 KB,0.99
LegacyRuntime,ShortRun,False,Default,Default,Default,Default,100ms,Default,11111111111111111111111111111111,Empty,RyuJit,Default,X64,8c5e7fda-e8bf-4a96-9a85-a6e23a8c635c,.NET 10.0,False,True,False,True,Default,Default,False,False,False,Default,Default,Default,Default,Default,InProcessEmitToolchain,Default,Default,5,Default,1,Default,Default,Default,Default,Default,Default,1,3,10000,DeviationDetails,"21,899.89 μs","1,886.701 μs",489.970 μs,1.00,0.03,1200.0000,600.0000,0.0000,11042.89 KB,1.00
StateGraph,ShortRun,False,Default,Default,Default,Default,100ms,Default,11111111111111111111111111111111,Empty,RyuJit,Default,X64,8c5e7fda-e8bf-4a96-9a85-a6e23a8c635c,.NET 10.0,False,True,False,True,Default,Default,False,False,False,Default,Default,Default,Default,Default,InProcessEmitToolchain,Default,Default,5,Default,1,Default,Default,Default,Default,Default,Default,1,3,10000,DeviationDetails,"20,622.53 μs",783.248 μs,121.209 μs,0.94,0.02,1200.0000,800.0000,0.0000,11039.16 KB,1.00
StateLatestOnly,ShortRun,False,Default,Default,Default,Default,100ms,Default,11111111111111111111111111111111,Empty,RyuJit,Default,X64,8c5e7fda-e8bf-4a96-9a85-a6e23a8c635c,.NET 10.0,False,True,False,True,Default,Default,False,False,False,Default,Default,Default,Default,Default,InProcessEmitToolchain,Default,Default,5,Default,1,Default,Default,Default,Default,Default,Default,1,3,10000,DeviationDetails,"26,653.44 μs",723.402 μs,187.865 μs,1.22,0.03,1250.0000,1000.0000,0.0000,10570.39 KB,0.96
LegacyRuntime,ShortRun,False,Default,Default,Default,Default,100ms,Default,11111111111111111111111111111111,Empty,RyuJit,Default,X64,8c5e7fda-e8bf-4a96-9a85-a6e23a8c635c,.NET 10.0,False,True,False,True,Default,Default,False,False,False,Default,Default,Default,Default,Default,InProcessEmitToolchain,Default,Default,5,Default,1,Default,Default,Default,Default,Default,Default,1,3,10000,Dispersion,"2,440.17 μs",70.242 μs,18.242 μs,1.00,0.01,62.5000,15.6250,0.0000,554.78 KB,1.00
StateGraph,ShortRun,False,Default,Default,Default,Default,100ms,Default,11111111111111111111111111111111,Empty,RyuJit,Default,X64,8c5e7fda-e8bf-4a96-9a85-a6e23a8c635c,.NET 10.0,False,True,False,True,Default,Default,False,False,False,Default,Default,Default,Default,Default,InProcessEmitToolchain,Default,Default,5,Default,1,Default,Default,Default,Default,Default,Default,1,3,10000,Dispersion,"2,243.12 μs",45.015 μs,11.690 μs,0.92,0.01,78.1250,78.1250,78.1250,552.51 KB,1.00
StateLatestOnly,ShortRun,False,Default,Default,Default,Default,100ms,Default,11111111111111111111111111111111,Empty,RyuJit,Default,X64,8c5e7fda-e8bf-4a96-9a85-a6e23a8c635c,.NET 10.0,False,True,False,True,Default,Default,False,False,False,Default,Default,Default,Default,Default,InProcessEmitToolchain,Default,Default,5,Default,1,Default,Default,Default,Default,Default,Default,1,3,10000,Dispersion,"2,187.30 μs",235.614 μs,61.188 μs,0.90,0.02,0.0000,0.0000,0.0000,81.93 KB,0.15
LegacyRuntime,ShortRun,False,Default,Default,Default,Default,100ms,Default,11111111111111111111111111111111,Empty,RyuJit,Default,X64,8c5e7fda-e8bf-4a96-9a85-a6e23a8c635c,.NET 10.0,False,True,False,True,Default,Default,False,False,False,Default,Default,Default,Default,Default,InProcessEmitToolchain,Default,Default,5,Default,1,Default,Default,Default,Default,Default,Default,1,3,10000,Ema,933.91 μs,480.582 μs,74.371 μs,1.01,0.11,62.5000,23.4375,0.0000,553.86 KB,1.00
StateGraph,ShortRun,False,Default,Default,Default,Default,100ms,Default,11111111111111111111111111111111,Empty,RyuJit,Default,X64,8c5e7fda-e8bf-4a96-9a85-a6e23a8c635c,.NET 10.0,False,True,False,True,Default,Default,False,False,False,Default,Default,Default,Default,Default,InProcessEmitToolchain,Default,Default,5,Default,1,Default,Default,Default,Default,Default,Default,1,3,10000,Ema,757.07 μs,106.241 μs,27.590 μs,0.81,0.07,70.3125,62.5000,62.5000,551.15 KB,1.00
StateLatestOnly,ShortRun,False,Default,Default,Default,Default,100ms,Default,11111111111111111111111111111111,Empty,RyuJit,Default,X64,8c5e7fda-e8bf-4a96-9a85-a6e23a8c635c,.NET 10.0,False,True,False,True,Default,Default,False,False,False,Default,Default,Default,Default,Default,InProcessEmitToolchain,Default,Default,5,Default,1,Default,Default,Default,Default,Default,Default,1,3,10000,Ema,675.14 μs,376.277 μs,97.718 μs,0.73,0.11,7.8125,0.0000,0.0000,81.1 KB,0.15
LegacyRuntime,ShortRun,False,Default,Default,Default,Default,100ms,Default,11111111111111111111111111111111,Empty,RyuJit,Default,X64,8c5e7fda-e8bf-4a96-9a85-a6e23a8c635c,.NET 10.0,False,True,False,True,Default,Default,False,False,False,Default,Default,Default,Default,Default,InProcessEmitToolchain,Default,Default,5,Default,1,Default,Default,Default,Default,Default,Default,1,3,10000,Endpoint,"2,681.93 μs",444.606 μs,115.463 μs,1.00,0.06,62.5000,15.6250,0.0000,554.77 KB,1.00
StateGraph,ShortRun,False,Default,Default,Default,Default,100ms,Default,11111111111111111111111111111111,Empty,RyuJit,Default,X64,8c5e7fda-e8bf-4a96-9a85-a6e23a8c635c,.NET 10.0,False,True,False,True,Default,Default,False,False,False,Default,Default,Default,Default,Default,InProcessEmitToolchain,Default,Default,5,Default,1,Default,Default,Default,Default,Default,Default,1,3,10000,Endpoint,"2,862.18 μs",991.149 μs,257.398 μs,1.07,0.10,78.1250,78.1250,78.1250,552.54 KB,1.00
StateLatestOnly,ShortRun,False,Default,Default,Default,Default,100ms,Default,11111111111111111111111111111111,Empty,RyuJit,Default,X64,8c5e7fda-e8bf-4a96-9a85-a6e23a8c635c,.NET 10.0,False,True,False,True,Default,Default,False,False,False,Default,Default,Default,Default,Default,InProcessEmitToolchain,Default,Default,5,Default,1,Default,Default,Default,Default,Default,Default,1,3,10000,Endpoint,"2,459.02 μs",539.954 μs,140.224 μs,0.92,0.06,0.0000,0.0000,0.0000,82.08 KB,0.15
LegacyRuntime,ShortRun,False,Default,Default,Default,Default,100ms,Default,11111111111111111111111111111111,Empty,RyuJit,Default,X64,8c5e7fda-e8bf-4a96-9a85-a6e23a8c635c,.NET 10.0,False,True,False,True,Default,Default,False,False,False,Default,Default,Default,Default,Default,InProcessEmitToolchain,Default,Default,5,Default,1,Default,Default,Default,Default,Default,Default,1,3,10000,Gaussian,"18,695.65 μs",522.217 μs,80.814 μs,1.00,0.01,1800.0000,400.0000,0.0000,15561.35 KB,1.00
StateGraph,ShortRun,False,Default,Default,Default,Default,100ms,Default,11111111111111111111111111111111,Empty,RyuJit,Default,X64,8c5e7fda-e8bf-4a96-9a85-a6e23a8c635c,.NET 10.0,False,True,False,True,Default,Default,False,False,False,Default,Default,Default,Default,Default,InProcessEmitToolchain,Default,Default,5,Default,1,Default,Default,Default,Default,Default,Default,1,3,10000,Gaussian,"18,555.15 μs",976.759 μs,253.661 μs,0.99,0.01,1833.3333,166.6667,0.0000,15557.28 KB,1.00
StateLatestOnly,ShortRun,False,Default,Default,Default,Default,100ms,Default,11111111111111111111111111111111,Empty,RyuJit,Default,X64,8c5e7fda-e8bf-4a96-9a85-a6e23a8c635c,.NET 10.0,False,True,False,True,Default,Default,False,False,False,Default,Default,Default,Default,Default,InProcessEmitToolchain,Default,Default,5,Default,1,Default,Default,Default,Default,Default,Default,1,3,10000,Gaussian,"18,233.11 μs",899.045 μs,139.128 μs,0.98,0.01,1833.3333,166.6667,0.0000,15087.98 KB,0.97
LegacyRuntime,ShortRun,False,Default,Default,Default,Default,100ms,Default,11111111111111111111111111111111,Empty,RyuJit,Default,X64,8c5e7fda-e8bf-4a96-9a85-a6e23a8c635c,.NET 10.0,False,True,False,True,Default,Default,False,False,False,Default,Default,Default,Default,Default,InProcessEmitToolchain,Default,Default,5,Default,1,Default,Default,Default,Default,Default,Default,1,3,10000,Regression,"2,127.68 μs",148.894 μs,23.042 μs,1.00,0.01,62.5000,15.6250,0.0000,554.94 KB,1.00
StateGraph,ShortRun,False,Default,Default,Default,Default,100ms,Default,11111111111111111111111111111111,Empty,RyuJit,Default,X64,8c5e7fda-e8bf-4a96-9a85-a6e23a8c635c,.NET 10.0,False,True,False,True,Default,Default,False,False,False,Default,Default,Default,Default,Default,InProcessEmitToolchain,Default,Default,5,Default,1,Default,Default,Default,Default,Default,Default,1,3,10000,Regression,"1,946.51 μs",117.677 μs,18.211 μs,0.91,0.01,78.1250,78.1250,78.1250,552.61 KB,1.00
StateLatestOnly,ShortRun,False,Default,Default,Default,Default,100ms,Default,11111111111111111111111111111111,Empty,RyuJit,Default,X64,8c5e7fda-e8bf-4a96-9a85-a6e23a8c635c,.NET 10.0,False,True,False,True,Default,Default,False,False,False,Default,Default,Default,Default,Default,InProcessEmitToolchain,Default,Default,5,Default,1,Default,Default,Default,Default,Default,Default,1,3,10000,Regression,"2,109.44 μs","1,494.208 μs",388.041 μs,0.99,0.17,0.0000,0.0000,0.0000,82.07 KB,0.15
LegacyRuntime,ShortRun,False,Default,Default,Default,Default,100ms,Default,11111111111111111111111111111111,Empty,RyuJit,Default,X64,8c5e7fda-e8bf-4a96-9a85-a6e23a8c635c,.NET 10.0,False,True,False,True,Default,Default,False,False,False,Default,Default,Default,Default,Default,InProcessEmitToolchain,Default,Default,5,Default,1,Default,Default,Default,Default,Default,Default,1,3,10000,Sine,"19,390.71 μs","1,787.887 μs",464.308 μs,1.00,0.03,1833.3333,333.3333,0.0000,15270.38 KB,1.00
StateGraph,ShortRun,False,Default,Default,Default,Default,100ms,Default,11111111111111111111111111111111,Empty,RyuJit,Default,X64,8c5e7fda-e8bf-4a96-9a85-a6e23a8c635c,.NET 10.0,False,True,False,True,Default,Default,False,False,False,Default,Default,Default,Default,Default,InProcessEmitToolchain,Default,Default,5,Default,1,Default,Default,Default,Default,Default,Default,1,3,10000,Sine,"18,722.74 μs","1,518.339 μs",394.308 μs,0.97,0.03,1750.0000,250.0000,0.0000,15267.48 KB,1.00
StateLatestOnly,ShortRun,False,Default,Default,Default,Default,100ms,Default,11111111111111111111111111111111,Empty,RyuJit,Default,X64,8c5e7fda-e8bf-4a96-9a85-a6e23a8c635c,.NET 10.0,False,True,False,True,Default,Default,False,False,False,Default,Default,Default,Default,Default,InProcessEmitToolchain,Default,Default,5,Default,1,Default,Default,Default,Default,Default,Default,1,3,10000,Sine,"18,111.75 μs",683.814 μs,177.584 μs,0.93,0.02,1666.6667,166.6667,0.0000,14797.34 KB,0.97
LegacyRuntime,ShortRun,False,Default,Default,Default,Default,100ms,Default,11111111111111111111111111111111,Empty,RyuJit,Default,X64,8c5e7fda-e8bf-4a96-9a85-a6e23a8c635c,.NET 10.0,False,True,False,True,Default,Default,False,False,False,Default,Default,Default,Default,Default,InProcessEmitToolchain,Default,Default,5,Default,1,Default,Default,Default,Default,Default,Default,1,3,10000,Sum,222.38 μs,43.765 μs,6.773 μs,1.00,0.04,66.4063,29.2969,0.0000,553.88 KB,1.00
StateGraph,ShortRun,False,Default,Default,Default,Default,100ms,Default,11111111111111111111111111111111,Empty,RyuJit,Default,X64,8c5e7fda-e8bf-4a96-9a85-a6e23a8c635c,.NET 10.0,False,True,False,True,Default,Default,False,False,False,Default,Default,Default,Default,Default,InProcessEmitToolchain,Default,Default,5,Default,1,Default,Default,Default,Default,Default,Default,1,3,10000,Sum,207.83 μs,31.673 μs,8.225 μs,0.94,0.04,66.4063,23.4375,0.0000,551.05 KB,0.99
StateLatestOnly,ShortRun,False,Default,Default,Default,Default,100ms,Default,11111111111111111111111111111111,Empty,RyuJit,Default,X64,8c5e7fda-e8bf-4a96-9a85-a6e23a8c635c,.NET 10.0,False,True,False,True,Default,Default,False,False,False,Default,Default,Default,Default,Default,InProcessEmitToolchain,Default,Default,5,Default,1,Default,Default,Default,Default,Default,Default,1,3,10000,Sum,240.05 μs,104.763 μs,27.206 μs,1.08,0.12,66.4063,27.3438,0.0000,551.53 KB,1.00
