Method,Job,AnalyzeLaunchVariance,EvaluateOverhead,MaxAbsoluteError,MaxRelativeError,MinInvokeCount,MinIterationTime,OutlierMode,Affinity,EnvironmentVariables,Jit,LargeAddressAware,Platform,PowerPlanMode,Runtime,AllowVeryLargeObjects,Concurrent,CpuGroups,Force,HeapAffinitizeMask,HeapCount,NoAffinitize,RetainVm,Server,Arguments,BuildConfiguration,Clock,EngineFactory,NuGetReferences,Toolchain,IsMutator,InvocationCount,IterationCount,IterationTime,LaunchCount,MaxIterationCount,MaxWarmupIterationCount,MemoryRandomization,MinIterationCount,MinWarmupIterationCount,RunStrategy,UnrollFactor,WarmupCount,Count,Family,Mean,Error,StdDev,Ratio,RatioSD,Gen0,Gen1,Allocated,Alloc Ratio
LegacyRuntime,ShortRun,False,Default,Default,Default,Default,100ms,Default,11111111111111111111111111111111,Empty,RyuJit,Default,X64,8c5e7fda-e8bf-4a96-9a85-a6e23a8c635c,.NET 10.0,False,True,False,True,Default,Default,False,False,False,Default,Default,Default,Default,Default,InProcessEmitToolchain,Default,Default,5,Default,1,Default,Default,Default,Default,Default,Default,1,3,1000,Convolution,119.24 μs,3.177 μs,0.825 μs,1.00,0.01,6.8359,0.9766,61.58 KB,1.00
StateGraph,ShortRun,False,Default,Default,Default,Default,100ms,Default,11111111111111111111111111111111,Empty,RyuJit,Default,X64,8c5e7fda-e8bf-4a96-9a85-a6e23a8c635c,.NET 10.0,False,True,False,True,Default,Default,False,False,False,Default,Default,Default,Default,Default,InProcessEmitToolchain,Default,Default,5,Default,1,Default,Default,Default,Default,Default,Default,1,3,1000,Convolution,120.63 μs,6.568 μs,1.706 μs,1.01,0.01,6.8359,0.0000,58.74 KB,0.95
LegacyRuntime,ShortRun,False,Default,Default,Default,Default,100ms,Default,11111111111111111111111111111111,Empty,RyuJit,Default,X64,8c5e7fda-e8bf-4a96-9a85-a6e23a8c635c,.NET 10.0,False,True,False,True,Default,Default,False,False,False,Default,Default,Default,Default,Default,InProcessEmitToolchain,Default,Default,5,Default,1,Default,Default,Default,Default,Default,Default,1,3,1000,Dispersion,223.03 μs,6.906 μs,1.793 μs,1.00,0.01,5.8594,0.0000,61.94 KB,1.00
StateGraph,ShortRun,False,Default,Default,Default,Default,100ms,Default,11111111111111111111111111111111,Empty,RyuJit,Default,X64,8c5e7fda-e8bf-4a96-9a85-a6e23a8c635c,.NET 10.0,False,True,False,True,Default,Default,False,False,False,Default,Default,Default,Default,Default,InProcessEmitToolchain,Default,Default,5,Default,1,Default,Default,Default,Default,Default,Default,1,3,1000,Dispersion,222.12 μs,14.509 μs,3.768 μs,1.00,0.02,5.8594,0.0000,59.1 KB,0.95
LegacyRuntime,ShortRun,False,Default,Default,Default,Default,100ms,Default,11111111111111111111111111111111,Empty,RyuJit,Default,X64,8c5e7fda-e8bf-4a96-9a85-a6e23a8c635c,.NET 10.0,False,True,False,True,Default,Default,False,False,False,Default,Default,Default,Default,Default,InProcessEmitToolchain,Default,Default,5,Default,1,Default,Default,Default,Default,Default,Default,1,3,1000,Ema,78.17 μs,7.278 μs,1.890 μs,1.00,0.03,7.3242,0.9766,61.1 KB,1.00
StateGraph,ShortRun,False,Default,Default,Default,Default,100ms,Default,11111111111111111111111111111111,Empty,RyuJit,Default,X64,8c5e7fda-e8bf-4a96-9a85-a6e23a8c635c,.NET 10.0,False,True,False,True,Default,Default,False,False,False,Default,Default,Default,Default,Default,InProcessEmitToolchain,Default,Default,5,Default,1,Default,Default,Default,Default,Default,Default,1,3,1000,Ema,77.17 μs,2.526 μs,0.656 μs,0.99,0.02,6.8359,0.9766,58.26 KB,0.95
LegacyRuntime,ShortRun,False,Default,Default,Default,Default,100ms,Default,11111111111111111111111111111111,Empty,RyuJit,Default,X64,8c5e7fda-e8bf-4a96-9a85-a6e23a8c635c,.NET 10.0,False,True,False,True,Default,Default,False,False,False,Default,Default,Default,Default,Default,InProcessEmitToolchain,Default,Default,5,Default,1,Default,Default,Default,Default,Default,Default,1,3,1000,Regression,311.28 μs,24.503 μs,6.363 μs,1.00,0.03,13.6719,1.9531,124.61 KB,1.00
StateGraph,ShortRun,False,Default,Default,Default,Default,100ms,Default,11111111111111111111111111111111,Empty,RyuJit,Default,X64,8c5e7fda-e8bf-4a96-9a85-a6e23a8c635c,.NET 10.0,False,True,False,True,Default,Default,False,False,False,Default,Default,Default,Default,Default,InProcessEmitToolchain,Default,Default,5,Default,1,Default,Default,Default,Default,Default,Default,1,3,1000,Regression,309.41 μs,25.883 μs,6.722 μs,0.99,0.03,13.6719,1.9531,121.77 KB,0.98
LegacyRuntime,ShortRun,False,Default,Default,Default,Default,100ms,Default,11111111111111111111111111111111,Empty,RyuJit,Default,X64,8c5e7fda-e8bf-4a96-9a85-a6e23a8c635c,.NET 10.0,False,True,False,True,Default,Default,False,False,False,Default,Default,Default,Default,Default,InProcessEmitToolchain,Default,Default,5,Default,1,Default,Default,Default,Default,Default,Default,1,3,1000,Sum,21.85 μs,5.019 μs,0.777 μs,1.00,0.04,7.4463,0.9766,61.18 KB,1.00
StateGraph,ShortRun,False,Default,Default,Default,Default,100ms,Default,11111111111111111111111111111111,Empty,RyuJit,Default,X64,8c5e7fda-e8bf-4a96-9a85-a6e23a8c635c,.NET 10.0,False,True,False,True,Default,Default,False,False,False,Default,Default,Default,Default,Default,InProcessEmitToolchain,Default,Default,5,Default,1,Default,Default,Default,Default,Default,Default,1,3,1000,Sum,22.01 μs,2.929 μs,0.761 μs,1.01,0.05,7.0801,1.0986,58.34 KB,0.95
LegacyRuntime,ShortRun,False,Default,Default,Default,Default,100ms,Default,11111111111111111111111111111111,Empty,RyuJit,Default,X64,8c5e7fda-e8bf-4a96-9a85-a6e23a8c635c,.NET 10.0,False,True,False,True,Default,Default,False,False,False,Default,Default,Default,Default,Default,InProcessEmitToolchain,Default,Default,5,Default,1,Default,Default,Default,Default,Default,Default,1,3,10000,Convolution,"1,176.35 μs",168.261 μs,26.039 μs,1.00,0.03,62.5000,23.4375,554.28 KB,1.00
StateGraph,ShortRun,False,Default,Default,Default,Default,100ms,Default,11111111111111111111111111111111,Empty,RyuJit,Default,X64,8c5e7fda-e8bf-4a96-9a85-a6e23a8c635c,.NET 10.0,False,True,False,True,Default,Default,False,False,False,Default,Default,Default,Default,Default,InProcessEmitToolchain,Default,Default,5,Default,1,Default,Default,Default,Default,Default,Default,1,3,10000,Convolution,"1,157.97 μs",19.446 μs,3.009 μs,0.98,0.02,62.5000,23.4375,551.45 KB,0.99
LegacyRuntime,ShortRun,False,Default,Default,Default,Default,100ms,Default,11111111111111111111111111111111,Empty,RyuJit,Default,X64,8c5e7fda-e8bf-4a96-9a85-a6e23a8c635c,.NET 10.0,False,True,False,True,Default,Default,False,False,False,Default,Default,Default,Default,Default,InProcessEmitToolchain,Default,Default,5,Default,1,Default,Default,Default,Default,Default,Default,1,3,10000,Dispersion,"2,185.12 μs",69.774 μs,18.120 μs,1.00,0.01,62.5000,15.6250,554.74 KB,1.00
StateGraph,ShortRun,False,Default,Default,Default,Default,100ms,Default,11111111111111111111111111111111,Empty,RyuJit,Default,X64,8c5e7fda-e8bf-4a96-9a85-a6e23a8c635c,.NET 10.0,False,True,False,True,Default,Default,False,False,False,Default,Default,Default,Default,Default,InProcessEmitToolchain,Default,Default,5,Default,1,Default,Default,Default,Default,Default,Default,1,3,10000,Dispersion,"2,134.14 μs",108.991 μs,28.305 μs,0.98,0.01,62.5000,31.2500,551.91 KB,0.99
LegacyRuntime,ShortRun,False,Default,Default,Default,Default,100ms,Default,11111111111111111111111111111111,Empty,RyuJit,Default,X64,8c5e7fda-e8bf-4a96-9a85-a6e23a8c635c,.NET 10.0,False,True,False,True,Default,Default,False,False,False,Default,Default,Default,Default,Default,InProcessEmitToolchain,Default,Default,5,Default,1,Default,Default,Default,Default,Default,Default,1,3,10000,Ema,728.80 μs,30.601 μs,7.947 μs,1.00,0.01,62.5000,23.4375,553.81 KB,1.00
StateGraph,ShortRun,False,Default,Default,Default,Default,100ms,Default,11111111111111111111111111111111,Empty,RyuJit,Default,X64,8c5e7fda-e8bf-4a96-9a85-a6e23a8c635c,.NET 10.0,False,True,False,True,Default,Default,False,False,False,Default,Default,Default,Default,Default,InProcessEmitToolchain,Default,Default,5,Default,1,Default,Default,Default,Default,Default,Default,1,3,10000,Ema,782.83 μs,66.952 μs,17.387 μs,1.07,0.02,66.4063,23.4375,550.93 KB,0.99
LegacyRuntime,ShortRun,False,Default,Default,Default,Default,100ms,Default,11111111111111111111111111111111,Empty,RyuJit,Default,X64,8c5e7fda-e8bf-4a96-9a85-a6e23a8c635c,.NET 10.0,False,True,False,True,Default,Default,False,False,False,Default,Default,Default,Default,Default,InProcessEmitToolchain,Default,Default,5,Default,1,Default,Default,Default,Default,Default,Default,1,3,10000,Regression,"3,126.39 μs",275.604 μs,71.573 μs,1.00,0.03,125.0000,93.7500,1180.1 KB,1.00
StateGraph,ShortRun,False,Default,Default,Default,Default,100ms,Default,11111111111111111111111111111111,Empty,RyuJit,Default,X64,8c5e7fda-e8bf-4a96-9a85-a6e23a8c635c,.NET 10.0,False,True,False,True,Default,Default,False,False,False,Default,Default,Default,Default,Default,InProcessEmitToolchain,Default,Default,5,Default,1,Default,Default,Default,Default,Default,Default,1,3,10000,Regression,"3,053.78 μs",177.325 μs,46.051 μs,0.98,0.02,125.0000,93.7500,1177.27 KB,1.00
LegacyRuntime,ShortRun,False,Default,Default,Default,Default,100ms,Default,11111111111111111111111111111111,Empty,RyuJit,Default,X64,8c5e7fda-e8bf-4a96-9a85-a6e23a8c635c,.NET 10.0,False,True,False,True,Default,Default,False,False,False,Default,Default,Default,Default,Default,InProcessEmitToolchain,Default,Default,5,Default,1,Default,Default,Default,Default,Default,Default,1,3,10000,Sum,210.68 μs,8.831 μs,2.293 μs,1.00,0.01,66.4063,29.2969,553.83 KB,1.00
StateGraph,ShortRun,False,Default,Default,Default,Default,100ms,Default,11111111111111111111111111111111,Empty,RyuJit,Default,X64,8c5e7fda-e8bf-4a96-9a85-a6e23a8c635c,.NET 10.0,False,True,False,True,Default,Default,False,False,False,Default,Default,Default,Default,Default,InProcessEmitToolchain,Default,Default,5,Default,1,Default,Default,Default,Default,Default,Default,1,3,10000,Sum,226.60 μs,6.476 μs,1.002 μs,1.08,0.01,66.4063,23.4375,551 KB,0.99
